feed_id,lounge_id,lounge_name,board_id,board_name,title,title_folder,author,author_level,created_at,updated_at,view_count,comment_count,buff_count,nerf_count,is_pinned,content_type,content_text,image_urls,links,url
8105511,COUNTERSIDE,카운터사이드,24,공식 웹툰,[웹툰] ZL100 - Thank you for playing,[웹툰] ZL100 - Thank you for playing,GM 이수연,15,2026-08-26T15:00:35+09:00,2026-08-26T15:00:35+09:00,570,9,12,0,False,json,,"https://nng-phinf.pstatic.net/MjAyNjA4MjVfMjcg/MDAxNzg3NjQ5Njc0Njkw.yw7w0eYvWcR6YZemBzJM8ucFDRC3mB9k3Bifg1SwEmUg.edrdp6SyzJC5JA6KFvvLcm_PrPiJXox1ONk-aHjwCt0g.JPEG/%EB%84%A4%EC%9D%B4%EB%B2%84_%EB%9D%BC%EC%9A%B4%EC%A7%80%EC%8D%B8%EB%84%A4%EC%9D%BC_%EA%B3%B5%EC%8B%9D%EC%9B%B9%ED%88%B0_960x540.jpg?type=w1678
https://nng-phinf.pstatic.net/MjAyNjA4MjVfMjM1/MDAxNzg3NjQ5NjY1NTc2.ko6bGEeXVhLwtFUmRtN9OmtZLSb5j1Pakxe7ANtSWrcg.-oWvCk2KA41WwS3sYxCbox_0mTt_JodsN44rzGqlf0kg.JPEG/ZL100_cswebtoon66.jpg?type=w1678
https://nng-phinf.pstatic.net/MjAyNjA4MjVfMjYz/MDAxNzg3NjQ5NjY1NTUz.ojNXced2b6zQAtg0UduhoKCT2LophmhwfuAyAhOHqD8g.6YtHFVBtoLdDB8CWK4cKLTiU4lftofgsjOBW5lFV4EEg.JPEG/ZL100_cswebtoon66-2.jpg?type=w1678",,https://game.naver.com/lounge/COUNTERSIDE/board/detail/8105511
8080557,COUNTERSIDE,카운터사이드,24,공식 웹툰,[웹툰] BLACHA - 열매는 소녀가 따옵니다,[웹툰] BLACHA - 열매는 소녀가 따옵니다,GM 이수연,15,2026-08-20T10:00:41+09:00,2026-08-20T10:00:41+09:00,691,7,15,0,False,json,,"https://nng-phinf.pstatic.net/MjAyNjA4MjBfMTAw/MDAxNzg3MTg3NDc5MDc1.OXOa-LxSq51uKZJTQ9O1jVUHsIXGHYWBGzKPz5DfJ8Ug.jS16qn41djaiz0yVYfJoA7if4DQHr54fmf6d9nQCSQsg.JPEG/%EB%84%A4%EC%9D%B4%EB%B2%84_%EB%9D%BC%EC%9A%B4%EC%A7%80%EC%8D%B8%EB%84%A4%EC%9D%BC_%EA%B3%B5%EC%8B%9D%EC%9B%B9%ED%88%B0_960x540.jpg?type=w1678
https://nng-phinf.pstatic.net/MjAyNjA4MjBfMTc0/MDAxNzg3MTg3NDU0OTg4.xyy8yqRxCk1AWvJ-9y8KNkHtHeqtoS9HpXRxG9Tu5a8g.nV_7px2Xq2BtWu9oG55KLYICDLhu371I05stHPWc6Nkg.JPEG/%EC%B9%B4%EC%9A%B4%ED%84%B0_%EC%82%AC%EC%9D%B4%EB%93%9C_4%EC%BB%B7_032%ED%99%94.jpg?type=w1678
https://nng-phinf.pstatic.net/MjAyNjA4MjBfMjUz/MDAxNzg3MTg3NDU0OTU0.JLCVK9vO4DFffftDj3GUPELbx_fOSvzl1oKvI4NEjs8g.dG_CHjdZUy5OsOfe9-HwSBc7QFgVWkYDS35VxhrCw4Ig.JPEG/032_%EC%A7%9C%EB%9D%BC%EC%8B%9C.jpg?type=w1678",,https://game.naver.com/lounge/COUNTERSIDE/board/detail/8080557
7867154,COUNTERSIDE,카운터사이드,24,공식 웹툰,[웹툰] ZL100 - Life Begins As Gone,[웹툰] ZL100 - Life Begins As Gone,GM 이수연,15,2026-07-01T10:00:41+09:00,2026-07-01T10:00:41+09:00,3770,9,33,0,False,json,,"https://nng-phinf.pstatic.net/MjAyNjA2MzBfMjIz/MDAxNzgyODExODc0MjE2.2ERojgAt5Tqy0L9i5iKE2BvJzrT01xCrcmUnouh6TPUg.b6wRY4eI4q70skJUXqKFb4rdqpZZ4TAKwLHG0H_kO10g.JPEG/%EB%84%A4%EC%9D%B4%EB%B2%84_%EB%9D%BC%EC%9A%B4%EC%A7%80%EC%8D%B8%EB%84%A4%EC%9D%BC_%EA%B3%B5%EC%8B%9D%EC%9B%B9%ED%88%B0_960x540.jpg?type=w1678
https://nng-phinf.pstatic.net/MjAyNjA2MzBfMjQ1/MDAxNzgyODExODY4NTU1.lkuWTJ_TCy9av9im38J2j40AXkVNuTzNmmNSm1j48kog.oil58jPYpOIOdnvMK2Du0jc97TPXKh58s4HMRgYSYqQg.JPEG/ZL100_cswebtoon65_-_%EB%B3%B5%EC%82%AC%EB%B3%B8.jpg?type=w1678
https://nng-phinf.pstatic.net/MjAyNjA2MzBfMTE4/MDAxNzgyODExODY4NTM3.lu7XPrCXuVfMKn0BGR259tshOJmavzADjpp1jrA75HUg.WIURX3tH5TVqrnsmGpM4emG1V_TGsjeHUKp7Ui1mnhgg.JPEG/ZL100_cswebtoon65-2_-_%EB%B3%B5%EC%82%AC%EB%B3%B8.jpg?type=w1678",,https://game.naver.com/lounge/COUNTERSIDE/board/detail/7867154
7839373,COUNTERSIDE,카운터사이드,24,공식 웹툰,[웹툰] BLACHA - 비,[웹툰] BLACHA - 비,GM 이수연,15,2026-06-24T10:00:35+09:00,2026-06-24T10:00:35+09:00,1228,3,17,1,False,json,,"https://nng-phinf.pstatic.net/MjAyNjA2MjNfMiAg/MDAxNzgyMjA3ODA4NTc4.3xVh_avxYfskP7QeN6sqBoV-ujwYvEE0qwBEzdfmuukg.e9hQbMkUSwPAEZUX4FmQfOaVbHRxfqhiqG2g3rjDRmYg.JPEG/%EB%84%A4%EC%9D%B4%EB%B2%84_%EB%9D%BC%EC%9A%B4%EC%A7%80%EC%8D%B8%EB%84%A4%EC%9D%BC_%EA%B3%B5%EC%8B%9D%EC%9B%B9%ED%88%B0_960x540.jpg?type=w1678
https://nng-phinf.pstatic.net/MjAyNjA2MjNfMjgy/MDAxNzgyMjA3NzY3MTI3.5aiXFnQ-eAc9X-ABb85-fcB8jR980YSUGhwOFp5ifc8g.k4H6XGnbwP-hzglfF7MXLBJC9O-cXrdJ3qq9Vnrv7REg.JPEG/%EC%B9%B4%EC%9A%B4%ED%84%B0_%EC%82%AC%EC%9D%B4%EB%93%9C_4%EC%BB%B7_031%ED%99%94.jpg?type=w1678
https://nng-phinf.pstatic.net/MjAyNjA2MjNfMTAg/MDAxNzgyMjA3NzY3MTMx.N4gd2gHwPkbMCClbA83ng60bs4bP4jb1ePm7BSwd_LEg.74XjQ8gSTXdF61G_yXKzCJxPxMDDk922jeT-zD1LOtMg.JPEG/031_%EC%A7%9C%EB%9D%BC%EC%8B%9C.jpg?type=w1678",,https://game.naver.com/lounge/COUNTERSIDE/board/detail/7839373
7811007,COUNTERSIDE,카운터사이드,24,공식 웹툰,[웹툰] ZL100 - 프리덤 라이즈를 사랑했어?,[웹툰] ZL100 - 프리덤 라이즈를 사랑했어_,GM 이수연,15,2026-06-17T11:02:06+09:00,2026-06-17T11:02:06+09:00,1424,6,20,0,False,json,,"https://nng-phinf.pstatic.net/MjAyNjA2MTdfMjYg/MDAxNzgxNjYxNjkxOTM3.pGE2DhUqz1_QaGaacCXekpn09yBOwbUd7hz1kWo-Z_0g.3T6-BrPfEkXtjnb3KiHw8cWWjX8w17jbYJ4TsT5cOaAg.JPEG/%EB%84%A4%EC%9D%B4%EB%B2%84_%EB%9D%BC%EC%9A%B4%EC%A7%80%EC%8D%B8%EB%84%A4%EC%9D%BC_%EA%B3%B5%EC%8B%9D%EC%9B%B9%ED%88%B0_960x540.jpg?type=w1678
https://nng-phinf.pstatic.net/MjAyNjA2MTdfMTQx/MDAxNzgxNjYxNjg2NjAy.a_Dso2hHiH1ZLlN2I5fVlNSypiKnqKX_ig5p6sDJtBQg.m_WhlnIuSG_fMpQHT4cNbEpSxQ8wKRw11KVlef6-7nMg.JPEG/ZL100_cswebtoon64.jpg?type=w1678
https://nng-phinf.pstatic.net/MjAyNjA2MTdfMTU5/MDAxNzgxNjYxNjg2NTU1.qqiTrr5g7K85FJ_aj0ocgkqBzPSI6pC0Vmoyr0WZhXYg.Eb827zR3aEd2i8IVZ8ogepOQv427OxXZW4z_1EIcED0g.JPEG/ZL100_cswebtoon64-2.jpg?type=w1678",,https://game.naver.com/lounge/COUNTERSIDE/board/detail/7811007
7744690,COUNTERSIDE,카운터사이드,24,공식 웹툰,[웹툰] ZL100 - 즐거운 인형놀이,[웹툰] ZL100 - 즐거운 인형놀이,GM 이수연,15,2026-06-03T10:00:32+09:00,2026-06-03T10:00:32+09:00,1240,4,17,0,False,json,,"https://nng-phinf.pstatic.net/MjAyNjA2MDJfODcg/MDAxNzgwMzk0ODQ4MDM0.Q9bp4oqd9eLhUe7Eu-qQpsRxfxd67wMLwXoTk94Hsd4g.tz9F27dZDeRyzkQkjq5wj4QlcOO8-VWfnlcdzUfJXVIg.JPEG/%EB%84%A4%EC%9D%B4%EB%B2%84_%EB%9D%BC%EC%9A%B4%EC%A7%80%EC%8D%B8%EB%84%A4%EC%9D%BC_%EA%B3%B5%EC%8B%9D%EC%9B%B9%ED%88%B0_960x540.jpg?type=w1678
https://nng-phinf.pstatic.net/MjAyNjA2MDJfNjEg/MDAxNzgwMzk0NjkxNjAy.EGrvJesFTiStRsWPHCDqttQnvBQvqLG5HWmMxktHuigg.ykSuMPFXXqpWtG1lC45MGfSaq4rwFtzLjJ7SapVMOCIg.PNG/ZL100_cswebtoon63.png?type=w1678
https://nng-phinf.pstatic.net/MjAyNjA2MDJfNDEg/MDAxNzgwMzk0NjkxNDU3.I_JfNrdR6IGTHN4wLi95MY18qzz3ubpQfi-KRozfbEsg.aCZHz7tYWEW104pqua2ZOUZmP-rZdDi7w561RU2r1bMg.PNG/ZL100_cswebtoon63-2.png?type=w1678",,https://game.naver.com/lounge/COUNTERSIDE/board/detail/7744690
7687790,COUNTERSIDE,카운터사이드,24,공식 웹툰,[웹툰] BLACHA - 컹!,[웹툰] BLACHA - 컹!,GM 이수연,15,2026-05-20T11:00:41+09:00,2026-05-20T11:00:41+09:00,1484,4,18,1,False,json,,"https://nng-phinf.pstatic.net/MjAyNjA1MjBfNzYg/MDAxNzc5MjQwOTc2ODgy.ysqb7Ruxv1q0qqO96mpfrqPsZz7gqJy6UQoP3oV4Mlgg.rXJSu0em0UVfvy20jsCRSPQBUy1i6Xqw3ve0Z7CpMgUg.JPEG/%EB%84%A4%EC%9D%B4%EB%B2%84_%EB%9D%BC%EC%9A%B4%EC%A7%80%EC%8D%B8%EB%84%A4%EC%9D%BC_%EA%B3%B5%EC%8B%9D%EC%9B%B9%ED%88%B0_960x540.jpg?type=w1678
https://nng-phinf.pstatic.net/MjAyNjA1MjBfMTcy/MDAxNzc5MjQwOTYxNjQ4.itTXYoz0CJnQweC5HFqBTGa6alwHGUoyIJ3TyKAc590g.r8Dk1Q8yNIYiDRC_KZeMGdVsRQ8Y-hTZ3DUS0zaS5Dwg.JPEG/%EC%B9%B4%EC%9A%B4%ED%84%B0_%EC%82%AC%EC%9D%B4%EB%93%9C_4%EC%BB%B7_030%ED%99%94.jpg?type=w1678
https://nng-phinf.pstatic.net/MjAyNjA1MjBfOTcg/MDAxNzc5MjQwOTYxNjMz.wzX60OnsSxAD6Moxvla3c9cAIZLr2kLPSk35Pnt5eCkg.uX8QrQu4_eIFHEH7UoCVxE5r2Defjpm0Y18YUT8pUyIg.JPEG/030_%EC%A7%9C%EB%9D%BC%EC%8B%9C.jpg?type=w1678",,https://game.naver.com/lounge/COUNTERSIDE/board/detail/7687790
7565233,COUNTERSIDE,카운터사이드,24,공식 웹툰,[웹툰] ZL100 - 데뷔! S급 메이드!,[웹툰] ZL100 - 데뷔! S급 메이드!,GM 이수연,15,2026-04-22T10:00:31+09:00,2026-04-22T10:00:31+09:00,1145,2,14,0,False,json,,"https://nng-phinf.pstatic.net/MjAyNjA0MjFfMTM1/MDAxNzc2NzU5Mzg3NDkx.zgn9vLVqiZZr9sqyCnHP4Ldm-ruHl9wELuAtdOW0nIUg.xP364FO113OsXgW2gJu_GwVancNLtr0-91h1FyBobr8g.JPEG/%EB%84%A4%EC%9D%B4%EB%B2%84_%EB%9D%BC%EC%9A%B4%EC%A7%80%EC%8D%B8%EB%84%A4%EC%9D%BC_%EA%B3%B5%EC%8B%9D%EC%9B%B9%ED%88%B0_960x540.jpg?type=w1678
https://nng-phinf.pstatic.net/MjAyNjA0MjFfMTM3/MDAxNzc2NzU5MzM0MTMw.Rso__b7ws_Q8YwiZFHk9bCEU1cYBbsiz5xmT3T3756Ug.OeCg9i1tlJEBQwXJ6iKm-n2gdDHcKkMLsZVZVG9G-3Qg.JPEG/ZL100_cswebtoon62.jpg?type=w1678
https://nng-phinf.pstatic.net/MjAyNjA0MjFfMTMy/MDAxNzc2NzU5MzM0MTAx._a5bBM9iX4ghqrNWuvaTCukaL2LmYdRXLCW1h77x-TAg.p637kiIqLir5TWLixnzbwyZdYSnYEuGb5IztY6gk9Ogg.JPEG/ZL100_cswebtoon62-2.jpg?type=w1678",,https://game.naver.com/lounge/COUNTERSIDE/board/detail/7565233
7538869,COUNTERSIDE,카운터사이드,24,공식 웹툰,[웹툰] ZL100 - 아이들에게 인기만점,[웹툰] ZL100 - 아이들에게 인기만점,GM 이수연,15,2026-04-15T10:00:31+09:00,2026-04-15T10:00:31+09:00,902,1,15,1,False,json,,"https://nng-phinf.pstatic.net/MjAyNjA0MTRfMTEy/MDAxNzc2MTU3ODk5OTYy.Awdaa384Kny8P0taRpS0z3va2RGSxbhDwF8rDSsHCnYg.UqAVyYyHT3i2cLOXlUZXCpzyOtRSO1dlZUnOHHGkIqMg.JPEG/%EB%84%A4%EC%9D%B4%EB%B2%84_%EB%9D%BC%EC%9A%B4%EC%A7%80%EC%8D%B8%EB%84%A4%EC%9D%BC_%EA%B3%B5%EC%8B%9D%EC%9B%B9%ED%88%B0_960x540.jpg?type=w1678
https://nng-phinf.pstatic.net/MjAyNjA0MTRfMjI5/MDAxNzc2MTU3ODgwODM2.xhhwv0CF5WnUxxTyZ5pjOtL3UyQldsjmzGwC0Yc1Yjgg.O1EPsKkat5Zr0lHdZYm4xpvo3pWl38CP6oKt_jzae7cg.JPEG/ZL100_cswebtoon61.jpg?type=w1678
https://nng-phinf.pstatic.net/MjAyNjA0MTRfMTY2/MDAxNzc2MTU3ODgwODE1.pMJSgfTyDOL_8b_81i3MYI3kkywhZPYDG2p9GG4SVnYg.47ZPf0yZV3GzsQq1Q-JniXeZjqPH4rwFH-VYrZrt_esg.JPEG/ZL100_cswebtoon61-2.jpg?type=w1678",,https://game.naver.com/lounge/COUNTERSIDE/board/detail/7538869
7490118,COUNTERSIDE,카운터사이드,24,공식 웹툰,[웹툰] BLACHA - 예식,[웹툰] BLACHA - 예식,GM 이수연,15,2026-04-01T10:00:31+09:00,2026-04-01T10:00:31+09:00,1041,3,16,0,False,json,,"https://nng-phinf.pstatic.net/MjAyNjAzMzFfMzAw/MDAxNzc0OTQzOTUwMDk1.VoPHWgNht-7yQyqSo7e-LRDFAD31AncmNwKabnRcElAg.5FhNPvMXdvfiS_ChwCFZw7uwVKJkdLMifcYivCwUm_sg.JPEG/%EB%84%A4%EC%9D%B4%EB%B2%84_%EB%9D%BC%EC%9A%B4%EC%A7%80%EC%8D%B8%EB%84%A4%EC%9D%BC_%EA%B3%B5%EC%8B%9D%EC%9B%B9%ED%88%B0_960x540.jpg?type=w1678
https://nng-phinf.pstatic.net/MjAyNjAzMzFfMTcz/MDAxNzc0OTQzOTQwNzAx.gntXCVasR22WJtIYiu_WXpkgYzGKkqi_rnGg0SgHBMkg.0plKbZP_aEZ5FLLq5Bry5cDv9pUHk-jZIpUpuWqJpVIg.JPEG/%EC%B9%B4%EC%9A%B4%ED%84%B0_%EC%82%AC%EC%9D%B4%EB%93%9C_4%EC%BB%B7_029%ED%99%94.jpg?type=w1678
https://nng-phinf.pstatic.net/MjAyNjAzMzFfMjcz/MDAxNzc0OTQzOTQwNjg1.tDreTENCkmT_3fAZ8_5-lQoPUUekLQcp3Q8EEQ7Dus8g.upMqnGzdbrLsIFdUKLE0rSQiAuwgJHsRtzeooRngpsgg.JPEG/029_%EC%A7%9C%EB%9D%BC%EC%8B%9C.jpg?type=w1678",,https://game.naver.com/lounge/COUNTERSIDE/board/detail/7490118
7426050,COUNTERSIDE,카운터사이드,24,공식 웹툰,[웹툰] ZL100 - 소대장의 품격,[웹툰] ZL100 - 소대장의 품격,GM 이수연,15,2026-03-18T10:00:30+09:00,2026-03-18T10:00:30+09:00,1018,3,18,0,False,json,,"https://nng-phinf.pstatic.net/MjAyNjAzMTdfNTcg/MDAxNzczNzM2ODc5NzEw.EZUbI7UAlbSTLnWjETxsFLtW_-GKFQQYFvqo2UaJ_f0g.6Mjt-OXQYYy168SkiTVgJbbMvC4yLrJUY-5D2EUumKMg.JPEG/%EB%84%A4%EC%9D%B4%EB%B2%84_%EB%9D%BC%EC%9A%B4%EC%A7%80%EC%8D%B8%EB%84%A4%EC%9D%BC_%EA%B3%B5%EC%8B%9D%EC%9B%B9%ED%88%B0_960x540.jpg?type=w1678
https://nng-phinf.pstatic.net/MjAyNjAzMTdfMjY0/MDAxNzczNzM2OTEwNjIx.o3esBWDbF58y6rcC4gBmjtqCoXYkajl5NulEEh1vApcg.gA_RdU3TZeB8-Pyqzdwrjpz1YQ4oR1NKjSJgTPyB6ZEg.JPEG/ZL100_cswebtoon60.jpg?type=w1678
https://nng-phinf.pstatic.net/MjAyNjAzMTdfOTkg/MDAxNzczNzM2OTEwNjMx.JHxLz8dlYi6nXuaYVfMA-zzUUYxUnu7rA1zN6aqE4-8g.ygnZ72Q7g33OmnR3nHdrmz7w33Y16swj79A8JMnU9Tkg.JPEG/ZL100_cswebtoon60-2.jpg?type=w1678",,https://game.naver.com/lounge/COUNTERSIDE/board/detail/7426050
7347363,COUNTERSIDE,카운터사이드,24,공식 웹툰,[웹툰] ZL100 - 직접 대면하는 건 처음이군,[웹툰] ZL100 - 직접 대면하는 건 처음이군,GM 이수연,15,2026-02-25T10:00:32+09:00,2026-02-25T10:00:32+09:00,1031,2,11,0,False,json,,"https://nng-phinf.pstatic.net/MjAyNjAyMjRfMjQ1/MDAxNzcxOTI2NTkwMjU2.PNc67wMIhIOP2x_XWUbZExbo6UJim5j0rsPtTkkU6oMg.zTRtSCfXP2CDWuiMrgNCr6XNtPYxGiGpokQ89e2zLkAg.JPEG/%EB%84%A4%EC%9D%B4%EB%B2%84_%EB%9D%BC%EC%9A%B4%EC%A7%80%EC%8D%B8%EB%84%A4%EC%9D%BC_%EA%B3%B5%EC%8B%9D%EC%9B%B9%ED%88%B0_960x540.jpg?type=w1678
https://nng-phinf.pstatic.net/MjAyNjAyMjRfMjEg/MDAxNzcxOTI2NTgyNjcy.iq0o5_Urcv-zZGx1u7OEhGlvYjMmtN58NDeSgEtiE7Ig.WSCI4eJF0SmmcxHVd2kYDM7JfKPDfYD_qMPhhX9-qUEg.JPEG/1.jpg?type=w1678
https://nng-phinf.pstatic.net/MjAyNjAyMjRfMTUg/MDAxNzcxOTI2NTgyNjYy._wigjlEd1Kkl7eE8vEVDUS9bUORAGEAZ53TKaTlEdTwg.MloWQavxL3UlguMuBg_akubjwn2SL1BVX2L3_Q_-_pcg.JPEG/2.jpg?type=w1678",,https://game.naver.com/lounge/COUNTERSIDE/board/detail/7347363
7288255,COUNTERSIDE,카운터사이드,24,공식 웹툰,[웹툰] ZL100 - 휴식도 중요합니다,[웹툰] ZL100 - 휴식도 중요합니다,GM 이수연,15,2026-02-11T10:00:31+09:00,2026-02-11T10:00:31+09:00,1001,2,17,0,False,json,,"https://nng-phinf.pstatic.net/MjAyNjAyMTBfNzYg/MDAxNzcwNzA5OTQxMDI0.e2Ni7C_S5Qa431yEl1bvy6SVbY-tb6FKG6vF0fFfEtIg.Z4LlT5f2EUmW7mXGQIzA3Ep4sJtq_SgF_95VhpGeGd4g.JPEG/%EB%84%A4%EC%9D%B4%EB%B2%84_%EB%9D%BC%EC%9A%B4%EC%A7%80%EC%8D%B8%EB%84%A4%EC%9D%BC_%EA%B3%B5%EC%8B%9D%EC%9B%B9%ED%88%B0_960x540.jpg?type=w1678
https://nng-phinf.pstatic.net/MjAyNjAyMTBfMjk5/MDAxNzcwNzA5OTQ0NTEy.rizpxOkS8fion1lu02eOynOUBTP5Szdr_ozrplZTlzog.freZ66BaIlrLRSTNzRFHI248QAyj5xQyCC3VjGzpiwUg.JPEG/1.jpg?type=w1678
https://nng-phinf.pstatic.net/MjAyNjAyMTBfMjEz/MDAxNzcwNzA5OTQ0NTE5.3HmS-DbOlsrLR9GCC4iK2bCB4UL0imOQTe2l8nsTTNsg.IfAXNUNZoZspFlbp8aA65rndpAhTwx6tmbY7CyIdaiAg.JPEG/2.jpg?type=w1678",,https://game.naver.com/lounge/COUNTERSIDE/board/detail/7288255
7233879,COUNTERSIDE,카운터사이드,24,공식 웹툰,[웹툰] ZL100 - 변신! 바니카운터,[웹툰] ZL100 - 변신! 바니카운터,GM 이수연,15,2026-01-28T09:00:31+09:00,2026-01-28T09:00:31+09:00,1096,2,14,0,False,json,,"https://nng-phinf.pstatic.net/MjAyNjAxMjdfMTg0/MDAxNzY5NDk5MDM3Mzk0.FTJ6f7XSZdXaztA3SNPMBfrzcIG6GG48W533QvL55wIg.Lu-e1ZuYhn1L1fTMjnnXYAGmBE_ynaLk8Lo-yuXDHjEg.JPEG/%EB%84%A4%EC%9D%B4%EB%B2%84_%EB%9D%BC%EC%9A%B4%EC%A7%80%EC%8D%B8%EB%84%A4%EC%9D%BC_%EA%B3%B5%EC%8B%9D%EC%9B%B9%ED%88%B0_960x540.jpg?type=w1678
https://nng-phinf.pstatic.net/MjAyNjAxMjdfOTUg/MDAxNzY5NDk5MDQyNTgz.MBWTbyGy8Biux4xLr3iHHfc-pE3nn9UklXDBEo5dJU0g.hpsYLZ8rLZQ7oDS-Pawl7kvBB0qJ-KhOf5_9xrbHNVQg.JPEG/1.jpg?type=w1678
https://nng-phinf.pstatic.net/MjAyNjAxMjdfNDAg/MDAxNzY5NDk5MDQyNjAy.akqM3t5eZCVfo_SyI3HVl9gzxvcanlPKFrE-oGsJcucg.Y6zRYaDWF33IjLxblwm0waYh0-H2oqzRYt3f2vyD3y8g.JPEG/2.jpg?type=w1678",,https://game.naver.com/lounge/COUNTERSIDE/board/detail/7233879
7209427,COUNTERSIDE,카운터사이드,24,공식 웹툰,[웹툰] BLACHA - 단감,[웹툰] BLACHA - 단감,GM 이수연,15,2026-01-21T10:00:32+09:00,2026-01-21T10:00:32+09:00,1105,3,12,0,False,json,,"https://nng-phinf.pstatic.net/MjAyNjAxMjBfMSAg/MDAxNzY4ODkzNTQ3NzQ1.1e2cZejTrOna4M96AN4XrBkxgYPxYDp_iIdxBWisbj4g.Epq41EU6xuWUmQOG-PNu_96U3_vEhhq5IjdNgJa9Y1Mg.JPEG/%EB%84%A4%EC%9D%B4%EB%B2%84_%EB%9D%BC%EC%9A%B4%EC%A7%80%EC%8D%B8%EB%84%A4%EC%9D%BC_%EA%B3%B5%EC%8B%9D%EC%9B%B9%ED%88%B0_960x540.jpg?type=w1678
https://nng-phinf.pstatic.net/MjAyNjAxMjBfODcg/MDAxNzY4ODkzNTY1Mzgx.xGEmCsMqeCj9AyzCtNcM8aI3eAfB1c0jXQqMvazYNF4g.cNXWeN9XrAH1Ji29vNYwhwFwpICJMF6Il1opI2qQr8sg.JPEG/1.jpg?type=w1678
https://nng-phinf.pstatic.net/MjAyNjAxMjBfMjU5/MDAxNzY4ODkzNTY1NDAw.sfFZc8Df3_taoGR0njEXrgZrUAR2WFWDQeYtdILFPiYg.Tp9xuZk91nDwB3IMUe3LI7KhuFQDA4qiIWQHFe7iqswg.JPEG/2.jpg?type=w1678",,https://game.naver.com/lounge/COUNTERSIDE/board/detail/7209427
7182673,COUNTERSIDE,카운터사이드,24,공식 웹툰,[웹툰] ZL100 - 움직이면 따뜻해,[웹툰] ZL100 - 움직이면 따뜻해,GM 이수연,15,2026-01-14T10:00:31+09:00,2026-01-14T10:00:31+09:00,1088,1,11,0,False,json,,"https://nng-phinf.pstatic.net/MjAyNjAxMDlfMjMy/MDAxNzY3OTQ5NTE3NDUw.OZnSUKuoujxTeB2GjHr3_8g1xJuMffXXICi5LNu-BLMg.iV9H5JCEbMqZApeaQkOSiMmJWG4TPETCsuijYepa-Q8g.JPEG/%EB%84%A4%EC%9D%B4%EB%B2%84_%EB%9D%BC%EC%9A%B4%EC%A7%80%EC%8D%B8%EB%84%A4%EC%9D%BC_%EA%B3%B5%EC%8B%9D%EC%9B%B9%ED%88%B0_960x540.jpg?type=w1678
https://nng-phinf.pstatic.net/MjAyNjAxMDlfMTQ1/MDAxNzY3OTQ5NTI1NjUx.6m_Na8GzrhsbcarK7In5mClz1jhGGwtxDII9mmkScGYg.nWhg45740t4QM9RwJfHEGPDq7Ev-5JJe-suPpVDQDIgg.JPEG/1.jpg?type=w1678
https://nng-phinf.pstatic.net/MjAyNjAxMDlfODkg/MDAxNzY3OTQ5NTI1Njg0.Bwv3vW4W7xVki0_KEgQWEiYC9e5AZYbFIswR1ja_JpIg.kdflbk3EAJ8d5fd3acu05GKRHX9EXcuVpWAxmIyq8Wog.JPEG/2.jpg?type=w1678",,https://game.naver.com/lounge/COUNTERSIDE/board/detail/7182673
7157598,COUNTERSIDE,카운터사이드,24,공식 웹툰,[웹툰] ZL100 - 요정과 기사님의 연말,[웹툰] ZL100 - 요정과 기사님의 연말,GM 이수연,15,2026-01-07T10:00:31+09:00,2026-01-07T10:00:31+09:00,1000,2,12,0,False,json,,"https://nng-phinf.pstatic.net/MjAyNjAxMDZfMjkg/MDAxNzY3Njg3OTM2Nzg5.q56qTvHSW2bEsVn5fRTynzzNqyfJjdoBMo3yECKddOkg.Kr1nDKlKJRq1KdWzueolJs18UNG3xsFN5okhB3EUQVMg.JPEG/%EB%84%A4%EC%9D%B4%EB%B2%84_%EB%9D%BC%EC%9A%B4%EC%A7%80%EC%8D%B8%EB%84%A4%EC%9D%BC_%EA%B3%B5%EC%8B%9D%EC%9B%B9%ED%88%B0_960x540.jpg?type=w1678
https://nng-phinf.pstatic.net/MjAyNjAxMDZfNDkg/MDAxNzY3Njg3OTEyNDk3.No7iqCvnzWKNCrBe3YvYECEBJeAcXsxlrvi-To3o9fEg.HXGy179yF38WXineCK7zCkMEwalHjy1TMrcN1-D6ipQg.JPEG/1.jpg?type=w1678
https://nng-phinf.pstatic.net/MjAyNjAxMDZfMTkw/MDAxNzY3Njg3OTEyNDc4.7b5euziCQHcHT_RjEMEu56L1PrrF3ZSPDwEpyTfARqcg.LHBq4r0uwMv0gc6aboG2jVCjdGtR-k3RUNkZGDw5fvkg.JPEG/2.jpg?type=w1678",,https://game.naver.com/lounge/COUNTERSIDE/board/detail/7157598
7050624,COUNTERSIDE,카운터사이드,24,공식 웹툰,[웹툰] ZL100 - 모래고양이의 역설,[웹툰] ZL100 - 모래고양이의 역설,GM 이수연,15,2025-12-10T10:00:31+09:00,2025-12-10T10:00:31+09:00,1355,3,15,0,False,json,,"https://nng-phinf.pstatic.net/MjAyNTEyMDlfNTMg/MDAxNzY1MjY4MTc4NjIy.izBFPU58T1ydkeKm2BfkuuzdXBOVdXcbafOxJwLFrpcg.sI4CuS_4JA9-ehyaRLtpK6QcoaTgCuXuMlkWBucbanwg.JPEG/%EB%84%A4%EC%9D%B4%EB%B2%84_%EB%9D%BC%EC%9A%B4%EC%A7%80%EC%8D%B8%EB%84%A4%EC%9D%BC_%EA%B3%B5%EC%8B%9D%EC%9B%B9%ED%88%B0_960x540.jpg?type=w1678
https://nng-phinf.pstatic.net/MjAyNTEyMDlfMjAz/MDAxNzY1MjY4MTQ1MTIy.Q2K2zduTX3gRsiPx1dS8DK-p7bBG1kIizjlfkW1qP9cg.3di0KnnyfQpTFqsAcx3xZJgmb7bhcF2CI7lFs_zrf2kg.JPEG/ZL100_cswebtoon54.jpg?type=w1678
https://nng-phinf.pstatic.net/MjAyNTEyMDlfMjYg/MDAxNzY1MjY4MTQ1MTEw.6EF53lPybAqxhI6o_QXV-ckeDTHR7pMiBSfUIKiSvWcg.kaAmOWoeMPP4Sfqaxm-3kuU5cIeFCmeK1dyi9fvlfBIg.JPEG/ZL100_cswebtoon54-2.jpg?type=w1678",,https://game.naver.com/lounge/COUNTERSIDE/board/detail/7050624
7025807,COUNTERSIDE,카운터사이드,24,공식 웹툰,[웹툰] BLACHA - This is Friend,[웹툰] BLACHA - This is Friend,GM 이수연,15,2025-12-03T10:00:31+09:00,2025-12-26T10:51:18+09:00,1493,2,14,0,False,json,,"https://nng-phinf.pstatic.net/MjAyNTEyMDJfMjE4/MDAxNzY0NjY0ODkxNjQx.6FERepNpfvI_DODqdViFRw4_Q_obl1X1FqDXfxJClA4g.a3TWQbnWcXTeX19r2wj3yCVfuhygQ_iIKs7ypKUxj2Qg.JPEG/%EB%84%A4%EC%9D%B4%EB%B2%84_%EB%9D%BC%EC%9A%B4%EC%A7%80%EC%8D%B8%EB%84%A4%EC%9D%BC_%EA%B3%B5%EC%8B%9D%EC%9B%B9%ED%88%B0_960x540.jpg?type=w1678
https://nng-phinf.pstatic.net/MjAyNTEyMDJfMTIy/MDAxNzY0NjY0ODQ3MDM0.RbobkPxTBixbCV6XXDcszbyGhm2Ji7MIDlZB64IG_R4g.6zvlXD4NbtlwYm6h0LwPEBx4Mthfezf9wRWAxxwxZW8g.PNG/%EC%B9%B4%EC%9A%B4%ED%84%B0_%EC%82%AC%EC%9D%B4%EB%93%9C_4%EC%BB%B7_027%ED%99%94.png?type=w1678
https://nng-phinf.pstatic.net/MjAyNTEyMDJfMTk1/MDAxNzY0NjY0ODQ3MDA2.D71iPFXOdBSVlQI6iCQ3BQnvrlrONf9nBSmDn5CpSpEg.V0BtjJVBNCi6DPfNIDT9DGGqib_z0ShAV87IqqsqAGog.PNG/027_%EC%A7%9C%EB%9D%BC%EC%8B%9C.png?type=w1678",,https://game.naver.com/lounge/COUNTERSIDE/board/detail/7025807
7001199,COUNTERSIDE,카운터사이드,24,공식 웹툰,[웹툰] ZL100 - 북방합의체의 힘이란 대단해!,[웹툰] ZL100 - 북방합의체의 힘이란 대단해!,GM 이수연,15,2025-11-26T10:00:31+09:00,2025-11-26T10:00:31+09:00,1283,2,14,0,False,json,,"https://nng-phinf.pstatic.net/MjAyNTExMjVfMjM3/MDAxNzY0MDU3MDMwNjk4.aXOZ_x220D3dwIbsPsMsxpeIaPsTQ2-_p9gFu5Nuewwg.yMOXtnnAc1vjuxG6PeuAh181vgjPbN8VEPeUD8CmRiQg.JPEG/%EB%84%A4%EC%9D%B4%EB%B2%84_%EB%9D%BC%EC%9A%B4%EC%A7%80%EC%8D%B8%EB%84%A4%EC%9D%BC_%EA%B3%B5%EC%8B%9D%EC%9B%B9%ED%88%B0_960x540.jpg?type=w1678
https://nng-phinf.pstatic.net/MjAyNTExMjVfMTc3/MDAxNzY0MDU3MDA3NDY5.S3571QncOb5YsKmvwQW5BM5pEM-DddM-isr9HYfGBXIg.QHetld1XWuXwH9vPZ2TAbxahrkTbcsjO51qtV-FyuBQg.JPEG/ZL100_cswebtoon53.jpg?type=w1678
https://nng-phinf.pstatic.net/MjAyNTExMjVfOTAg/MDAxNzY0MDU3MDA3NDU3.WiHPfJ83a2sJ3UmAd2JQh0n-Dfxr9XyNN65wHXr5Edog.x1fFxJmcX7K1_MMm39RWj-ZOxxgR_10o4zefHJbIeMAg.JPEG/ZL100_cswebtoon53-2.jpg?type=w1678",,https://game.naver.com/lounge/COUNTERSIDE/board/detail/7001199
6973301,COUNTERSIDE,카운터사이드,24,공식 웹툰,[웹툰] MMM - 아이돌이 세상을 구한다! -하-,[웹툰] MMM - 아이돌이 세상을 구한다! -하-,GM 이수연,15,2025-11-19T10:00:31+09:00,2025-11-19T10:00:31+09:00,6080,11,30,0,False,json,,"https://nng-phinf.pstatic.net/MjAyNTExMThfMTIz/MDAxNzYzNDUyNDYxMTg4.bb0ERXT3jGAJjTb9cGCJrW5wr-qcc70TIBxNqwpynhkg.yjW144JQCcoPQ0_jrLcEIdsH1LyExs5T3CIxHIFjCYsg.JPEG/%EB%84%A4%EC%9D%B4%EB%B2%84_%EB%9D%BC%EC%9A%B4%EC%A7%80%EC%8D%B8%EB%84%A4%EC%9D%BC_%EA%B3%B5%EC%8B%9D%EC%9B%B9%ED%88%B0_960x540.jpg?type=w1678
https://nng-phinf.pstatic.net/MjAyNTExMThfMjc3/MDAxNzYzNDUyNDY2MzYz.M_oxFCA-6jV2cWZf7KeZYCAiuJHFOXonnM-Hn4WIKwwg.P_ftq7KU34By5oZ9A8ZmMEmziJpYIKHPAirOaOfzkGQg.JPEG/01.jpg?type=w1678
https://nng-phinf.pstatic.net/MjAyNTExMThfNjMg/MDAxNzYzNDUyNDkzODc2.nylt6cw96xIapB0btGPFxVD4NZkaVdFXzIjEYjNZchIg.LBAsMsQmxIQXXvy1OtH5GWmlQSLY_INLTtq0X82Y_PEg.JPEG/02.jpg?type=w1678
https://nng-phinf.pstatic.net/MjAyNTExMThfMjU1/MDAxNzYzNDUyNTExNjIx.mUCOBwD-VACSn2f2rwcAKx8Ln82P959nCya43CxZfpQg.CyAJCa-fNKnyxqNfdOxJVvItw0mfolAtJO5qx89yflUg.JPEG/03.jpg?type=w1678
https://nng-phinf.pstatic.net/MjAyNTExMThfMTc4/MDAxNzYzNDUyNTQ0MjQ4.R4jgXtX4mZYXEhQjcPJD8ey_WxC-kxuS1QowKfAujUAg.YfOfKv9rXi-H7bI5dPQNmymAZWySaJdMgUlrY4QTCo0g.JPEG/04.jpg?type=w1678
https://nng-phinf.pstatic.net/MjAyNTExMThfMTAx/MDAxNzYzNDUyNTUyNzY5.3LCr22aHEaLU0EyDqbCj_uPa6aaU1T8MY98H999COSMg.-Ul9Jv4gq2Jp1TF329vKQXQtR1f9AlQvaslpbQDXglog.JPEG/05.jpg?type=w1678
https://nng-phinf.pstatic.net/MjAyNTExMThfMjQz/MDAxNzYzNDUyNjAzNjgx.Dbk6tRr-qQ8Vr3OO1KOkEOOOH5mZY-91DcRl3ET6B9Mg.lCtriakMT0vsxe7AszLUuq6pUUWisofl9x4mhdCS3gkg.JPEG/06.jpg?type=w1678
https://nng-phinf.pstatic.net/MjAyNTExMThfMTYx/MDAxNzYzNDUyNjEzOTgy.8zZC8plJaqgZ4ihm0Az7yGoxGdgc5mMmbbp4vvRElJUg.x_Oqw2HyoPfElJVg5GD3122JWOnjHVOZJWDaAvT9hSMg.JPEG/07t.jpg?type=w1678
https://nng-phinf.pstatic.net/MjAyNTExMThfMzAg/MDAxNzYzNDUyNjIzMzYy.mv7jR6YXdXWIVMVeAZRlPT6IX-7lPQPVI2QbHS0m-ikg.Fwo6pFfOQWxX3e_ax8ObUjWS4LdaMnctbKYQxT_D5BQg.JPEG/08.jpg?type=w1678
https://nng-phinf.pstatic.net/MjAyNTExMThfMTc0/MDAxNzYzNDUyNjMyMTA2.KcKYEyaLp9IE2N5gykjwXDaFsrK4Sh46wvN6Xx_SNPcg.BJrDiwolEg0UC7vMan2lBYRPhO0MfeVGDNtbmUkNHrEg.JPEG/09.jpg?type=w1678
https://nng-phinf.pstatic.net/MjAyNTExMThfMjY3/MDAxNzYzNDUyNjM3NjM3.aDKR6b8Vx-JifG48q2zWs0LL_F588XVzaBLhE_uHApAg.9EInB7keXxr417gNJZZBsoEyAnjoqnaxOW2FCv0xUdIg.JPEG/10.jpg?type=w1678
https://nng-phinf.pstatic.net/MjAyNTExMThfMjU2/MDAxNzYzNDUyNjQyMTY3.PK1zEiaxtlmKN3WXAKFsMueD6vZdIksBMtPaiP9hCsMg.aW_VbD6Ykesk47y3U3SZCGMSGsavOWKFjkR0N-3Kwa8g.JPEG/11.jpg?type=w1678
https://nng-phinf.pstatic.net/MjAyNTExMThfMTY1/MDAxNzYzNDUyNjQ2NzM1.GJidJw0q84i8jnkdDSTopSpgIcWsMxpNBlvWTu1J5p8g.cvXkdDEBBrVRf-osRlWIyPX0l1HijdaSUL5WQPyUXpUg.JPEG/12.jpg?type=w1678
https://nng-phinf.pstatic.net/MjAyNTExMThfMTE0/MDAxNzYzNDUyNjU0MDEx.kb0PythshoqbrcXMATj-PPxaD25YLmV5hqvN0ymByIog.A1nsz8aGirFtIXdN9Jf4b_SnzHa0Ki7vvVpCcqBs70Qg.JPEG/13.jpg?type=w1678
https://nng-phinf.pstatic.net/MjAyNTExMThfMTMw/MDAxNzYzNDUyNjYyMjc4.V06aLqyL0SUPp7IroWXt0oE7cGDY9e6lnh0lnjaLaK8g.jZOj7gty9xAofGeV1WDJXCbO8qw7wzUwowDJGSAjU-4g.JPEG/14.jpg?type=w1678
https://nng-phinf.pstatic.net/MjAyNTExMThfMjM5/MDAxNzYzNDUyNjY4NzY3.FAFhtEJzqFBK3rInVVhPAkgRNfxG8yev3qtzqKbOSu4g.EVTUlzF3PuY3i2LTXRUmQzwAZKBZk6hXlWKecdRCY7Qg.JPEG/15.jpg?type=w1678
https://nng-phinf.pstatic.net/MjAyNTExMThfNDcg/MDAxNzYzNDUyNjc0MzIx.H464rEErsMZGd3jRNA-aeU9Ok_8pJW29QU7uOyb2x2Eg.DmDPWmIKe2nbJldCIrHBxOn0s-fWvr2hD0Ocmbhpktgg.JPEG/16.jpg?type=w1678",,https://game.naver.com/lounge/COUNTERSIDE/board/detail/6973301
6904622,COUNTERSIDE,카운터사이드,24,공식 웹툰,[웹툰] ZL100 - 최고관리자님은 어쩔 수 없지,[웹툰] ZL100 - 최고관리자님은 어쩔 수 없지,GM 이수연,15,2025-11-05T10:00:32+09:00,2025-11-05T10:00:32+09:00,1522,4,14,0,False,json,,"https://nng-phinf.pstatic.net/MjAyNTExMDRfMjE4/MDAxNzYyMjQ5NDkxMzQx.7VhU0Jyo038OCRans3HMgwIGFKDp1cjSLFmiV-8mt-Ig.7CDs1UooMBsfWrP5B_6rdaChzqP_gSAS7xjuPr0as0Eg.JPEG/%EB%84%A4%EC%9D%B4%EB%B2%84_%EB%9D%BC%EC%9A%B4%EC%A7%80%EC%8D%B8%EB%84%A4%EC%9D%BC_%EA%B3%B5%EC%8B%9D%EC%9B%B9%ED%88%B0_960x540.jpg?type=w1678
https://nng-phinf.pstatic.net/MjAyNTExMDRfNTgg/MDAxNzYyMjQ5NDU3MDMx.8ExwvrRcZ5E3CUiu-KjcxwyUVI4r4OsOXZ_atUtEnJog.pKVl8sNY1BfH0ohPYQTfQMoEUM4IUEBZ-ZlS1xHnT2Ug.JPEG/ZL100_cswebtoon52.jpg?type=w1678
https://nng-phinf.pstatic.net/MjAyNTExMDRfMTI1/MDAxNzYyMjQ5NDU3MDEy.sG_JwIAt9rx_-PcwLphrdeQsIM_kfg9etDXjM9SgqX0g.zUpux4K2MiejTOyUPCsaUgca5zgmxBz4HZZpxvukedkg.JPEG/ZL100_cswebtoon52-2.jpg?type=w1678",,https://game.naver.com/lounge/COUNTERSIDE/board/detail/6904622
6824471,COUNTERSIDE,카운터사이드,24,공식 웹툰,[웹툰] ZL100 - 웡의 시대가 온 것 같지 않나요?,[웹툰] ZL100 - 웡의 시대가 온 것 같지 않나요_,GM 이수연,15,2025-10-22T10:00:30+09:00,2025-10-22T10:00:30+09:00,1346,2,16,0,False,json,,"https://nng-phinf.pstatic.net/MjAyNTEwMjFfMTk1/MDAxNzYxMDM0MTA1OTY1.mjybDBhWrl3Mf7quKhnfYw0xL19Y7KBGm1e2FBNeF38g.8kZIlspWC4qjHCUc5Tvw0fG8tsskrQgYwQCwiQdIYcUg.JPEG/%EB%84%A4%EC%9D%B4%EB%B2%84_%EB%9D%BC%EC%9A%B4%EC%A7%80%EC%8D%B8%EB%84%A4%EC%9D%BC_%EA%B3%B5%EC%8B%9D%EC%9B%B9%ED%88%B0_960x540.jpg?type=w1678
https://nng-phinf.pstatic.net/MjAyNTEwMjFfMjA3/MDAxNzYxMDM0MTEyMjcx.uRtGRhf4Ec0kTGCivHZ4ExG6nSUFPrQ5czYnXy2BxNIg.4_6zD91BQUMmAw1et1JUATBJOKdO_IrkiC6SKeun4-gg.JPEG/1.jpg?type=w1678
https://nng-phinf.pstatic.net/MjAyNTEwMjFfMjYz/MDAxNzYxMDM0MTEyMjUx.knsiJpKDOW66ctpBuhHmldHuXsR-vmHtpPN_9KC-Xmsg.EYLM5mJivN79viHY53CB-0NvDez14fauIw-4y3wIMPog.JPEG/2.jpg?type=w1678",,https://game.naver.com/lounge/COUNTERSIDE/board/detail/6824471
6794482,COUNTERSIDE,카운터사이드,24,공식 웹툰,[웹툰] BLACHA - 여름 워크숍,[웹툰] BLACHA - 여름 워크숍,GM 이수연,15,2025-10-15T10:00:30+09:00,2025-10-15T10:00:30+09:00,1317,3,19,0,False,json,,"https://nng-phinf.pstatic.net/MjAyNTEwMTRfODYg/MDAxNzYwNDI1OTIyMzk3.NaPStfZjQAwMTk6dsO8xvjDc6dhUgKHOSD4nLY5Jq9Ag.Gb1nbKmamh_O0FJ3bDoBV-pz6VrM46UHrawn7nFzhscg.JPEG/%EB%84%A4%EC%9D%B4%EB%B2%84_%EB%9D%BC%EC%9A%B4%EC%A7%80%EC%8D%B8%EB%84%A4%EC%9D%BC_%EA%B3%B5%EC%8B%9D%EC%9B%B9%ED%88%B0_960x540.jpg?type=w1678
https://nng-phinf.pstatic.net/MjAyNTEwMTRfMjQg/MDAxNzYwNDI1OTQxMzEy.ArgHVvTlhOvYvQWahuZAnBhxDKYhZRvWebPNK_0MZlMg.cLp5LSO1355-w_GjT1ckSJ6jEZc3gY7rAy0srtpTzA0g.PNG/%EC%B9%B4%EC%9A%B4%ED%84%B0_%EC%82%AC%EC%9D%B4%EB%93%9C_4%EC%BB%B7_026%ED%99%94.png?type=w1678
https://nng-phinf.pstatic.net/MjAyNTEwMTRfMTc3/MDAxNzYwNDI1OTQxMjkz.BtKDX1Xc4bLBWCH7CszA8bBsUMIhWPEC4i-fJUf0dlsg.PdL_XPAq9zhTE2kiGYzTf723yUK1GGnPUy7lsxi-PIIg.PNG/026_%EC%A7%9C%EB%9D%BC%EC%8B%9C.png?type=w1678",,https://game.naver.com/lounge/COUNTERSIDE/board/detail/6794482
6736037,COUNTERSIDE,카운터사이드,24,공식 웹툰,[웹툰] ZL100 - 오프 더 레코드,[웹툰] ZL100 - 오프 더 레코드,GM 이수연,15,2025-10-01T10:00:32+09:00,2025-10-01T10:00:32+09:00,1239,1,19,0,False,json,,"https://nng-phinf.pstatic.net/MjAyNTA5MzBfMjk0/MDAxNzU5MjIzOTExMjE2.UL-jNM3DxTyE32asyniwIZdql2XXbbCbb5OaJKr2PpMg.ki08pFIG2kGyWKoKmRXDLrkEVEaSd6tpandJN25sT_og.JPEG/%EB%84%A4%EC%9D%B4%EB%B2%84_%EB%9D%BC%EC%9A%B4%EC%A7%80%EC%8D%B8%EB%84%A4%EC%9D%BC_%EA%B3%B5%EC%8B%9D%EC%9B%B9%ED%88%B0_960x540.jpg?type=w1678
https://nng-phinf.pstatic.net/MjAyNTA5MzBfMTI2/MDAxNzU5MjIzOTE3MDI0.2z8E6cSZjAl-sZ0i5ypDsyBesUPHv-J9ybtZLgKhqFEg.jfShOxDZ8r9Quy6NVuvM1wQceUAB0s47bHRErXl98wYg.JPEG/ZL100_cswebtoon50.jpg?type=w1678
https://nng-phinf.pstatic.net/MjAyNTA5MzBfMzcg/MDAxNzU5MjIzOTE3MDI1.u3oslqy8u2scYkFT97XcMjO3wXwaLQlx8B6FgiOSKy0g.IuG7Yu5QMeE9WsPAm4HJA_5nB-bwyd74GxAqRLHvKVQg.JPEG/ZL100_cswebtoon50-2.jpg?type=w1678",,https://game.naver.com/lounge/COUNTERSIDE/board/detail/6736037
6707968,COUNTERSIDE,카운터사이드,24,공식 웹툰,[웹툰] ZL100 - 느슨해진 건틀렛에 긴장감을,[웹툰] ZL100 - 느슨해진 건틀렛에 긴장감을,GM 이수연,15,2025-09-24T10:00:32+09:00,2025-09-24T10:04:21+09:00,1104,1,13,0,False,json,,"https://nng-phinf.pstatic.net/MjAyNTA5MjNfMTA2/MDAxNzU4NjE3MjQ1MDc0.bSjooZeGI1kdW-Q93hsCIUjGgmEZQvHQVAtfNdJ6LHMg.NT-oV8khsJUtJ0Boy6Vlh6Lu7c6oW7yadV47XJhIRKEg.JPEG/%EB%84%A4%EC%9D%B4%EB%B2%84_%EB%9D%BC%EC%9A%B4%EC%A7%80%EC%8D%B8%EB%84%A4%EC%9D%BC_%EA%B3%B5%EC%8B%9D%EC%9B%B9%ED%88%B0_960x540.jpg?type=w1678
https://nng-phinf.pstatic.net/MjAyNTA5MjNfMTkx/MDAxNzU4NjE3MTY2Njg1.vMadNEbjXclyqlLEDKG04CMMLjQwbwcpr87kTZe_vcsg.GKbGiq-rX7LrBW7MnMph2Sqmik6lv60RtnYqZGgJ3Qcg.JPEG/ZL100_cswebtoon49.jpg?type=w1678
https://nng-phinf.pstatic.net/MjAyNTA5MjNfMTI3/MDAxNzU4NjE3MTY2NjY0.kWVAR2IrSz41lG6Q6A-ErF8K9gCZ41dtOHqC_vXbQqYg.-sL_OZm4gtyPF73lKhPDumZJl_k8uXj-W3mz96uEYWkg.JPEG/ZL100_cswebtoon49-2.jpg?type=w1678",,https://game.naver.com/lounge/COUNTERSIDE/board/detail/6707968
6648354,COUNTERSIDE,카운터사이드,24,공식 웹툰,[웹툰] ZL100 - 바루나 투어의 여름,[웹툰] ZL100 - 바루나 투어의 여름,GM 이수연,15,2025-09-10T10:04:45+09:00,2025-09-10T10:04:45+09:00,1260,3,15,0,False,json,,"https://nng-phinf.pstatic.net/MjAyNTA5MDlfMjg0/MDAxNzU3NDA5Njk3NDkx.n5EF3R_b4fh7-VSpD2pJfRyxz1HKoYLF4EmvqgRkG8sg.TIIJPwMdRrC13r032fFn-kdyB3CIkmC1hPXw9U2Z8uwg.JPEG/%EB%84%A4%EC%9D%B4%EB%B2%84_%EB%9D%BC%EC%9A%B4%EC%A7%80%EC%8D%B8%EB%84%A4%EC%9D%BC_%EA%B3%B5%EC%8B%9D%EC%9B%B9%ED%88%B0_960x540.jpg?type=w1678
https://nng-phinf.pstatic.net/MjAyNTA5MDlfMTA4/MDAxNzU3NDA5NzIxODQy.k7SjROiI9kkfwgbpyNWeWN6aul2oohfz5fH0okkFvSog.4hjUzsWnDUhf6rdLwtf9Kopf3J-sx8K4hw4XaNQiUNcg.JPEG/1.jpg?type=w1678
https://nng-phinf.pstatic.net/MjAyNTA5MDlfOTcg/MDAxNzU3NDA5NzIxODUx.CLl30E52MFJLL46XSpN1mI5Ss2eYLjQnX9QRmF7McNEg.tuziCqQdC99IZVU2EFKztwGCitwB1L7TGPWi7hvqRXMg.JPEG/2.jpg?type=w1678",,https://game.naver.com/lounge/COUNTERSIDE/board/detail/6648354
6617445,COUNTERSIDE,카운터사이드,24,공식 웹툰,[웹툰] ZL100 - 악의는 없어요,[웹툰] ZL100 - 악의는 없어요,GM 이수연,15,2025-09-03T10:00:31+09:00,2025-09-03T10:00:31+09:00,1224,1,16,0,False,json,,"https://nng-phinf.pstatic.net/MjAyNTA5MDJfMjUx/MDAxNzU2ODAzMDQ4MzQx.MGkaXExgSY5lp0ymHA9vrGO0eMc8dDWYbd9hAhiQRBkg.3X3QSDXX09C8S6aas-bQf4-Y1OvHnqqrtQr7t8SBhv4g.JPEG/%EB%84%A4%EC%9D%B4%EB%B2%84_%EB%9D%BC%EC%9A%B4%EC%A7%80%EC%8D%B8%EB%84%A4%EC%9D%BC_%EA%B3%B5%EC%8B%9D%EC%9B%B9%ED%88%B0_960x540.jpg?type=w1678
https://nng-phinf.pstatic.net/MjAyNTA5MDJfMTE0/MDAxNzU2ODAyMzc0MDU1._rJGJ22a_eHPJ6zRR189Rug95Uwrtcp7qE2Bsnkb4Y8g.Lv3agCCjpXxml95kEyd2EcmU-mWGqCEcH28xijhEu0Ug.JPEG/1.jpg?type=w1678
https://nng-phinf.pstatic.net/MjAyNTA5MDJfMTA5/MDAxNzU2ODAyMzc0MDM3.sWuSvncGLfjz3vP1peRgJEkT0jPdYspS5arEAWYMzjMg.wY5-2sKx9ZpnyI4b9ERLODH0zF2RpkZf1z1wM_C77Gcg.JPEG/2.jpg?type=w1678",,https://game.naver.com/lounge/COUNTERSIDE/board/detail/6617445
6583872,COUNTERSIDE,카운터사이드,24,공식 웹툰,[웹툰] BLACHA - 조난,[웹툰] BLACHA - 조난,GM 이수연,15,2025-08-27T10:00:33+09:00,2025-08-27T10:00:33+09:00,1643,5,17,0,False,json,,"https://nng-phinf.pstatic.net/MjAyNTA4MjZfOTYg/MDAxNzU2MTk1NzA5ODY5.UJwMs1j4CicB9Pxqopyt9Tju8ZD_8SO-36MnpfQAgEEg.LGY2cLr1zsqhEisfwFMfxo3k2v5LP488jUW1zGE2bJ4g.JPEG/%EB%84%A4%EC%9D%B4%EB%B2%84_%EB%9D%BC%EC%9A%B4%EC%A7%80%EC%8D%B8%EB%84%A4%EC%9D%BC_%EA%B3%B5%EC%8B%9D%EC%9B%B9%ED%88%B0_960x540.jpg?type=w1678
https://nng-phinf.pstatic.net/MjAyNTA4MjZfMjg4/MDAxNzU2MTk1Njc0MjI2.b3-wisrMSAqG1_pZozGK8wxgozzwNac2D_7oDhv9L4cg.RlzQCl8idA9vNWpnbjJkvAMTMQZXYRJNQOT_HNszuwsg.PNG/%EC%B9%B4%EC%9A%B4%ED%84%B0_%EC%82%AC%EC%9D%B4%EB%93%9C_4%EC%BB%B7_025%ED%99%94.png?type=w1678
https://nng-phinf.pstatic.net/MjAyNTA4MjZfMTMy/MDAxNzU2MTk1Njc0MTcy.tWT7OOZz2WuToQJH-QrL2m4t6JZvCGWoYZfcycb2ubQg.0GbIK-1Jc3cOuZOJo8YsUlEofEyKPv31KA5ymYDr9MYg.PNG/025_%EC%A7%9C%EB%9D%BC%EC%8B%9C.png?type=w1678",,https://game.naver.com/lounge/COUNTERSIDE/board/detail/6583872
6552118,COUNTERSIDE,카운터사이드,24,공식 웹툰,[웹툰] MMM - 아이돌이 세상을 구한다? -상-,[웹툰] MMM - 아이돌이 세상을 구한다_ -상-,GM 이수연,15,2025-08-20T10:00:31+09:00,2025-08-20T10:00:31+09:00,12685,12,38,1,False,json,,"https://nng-phinf.pstatic.net/MjAyNTA4MTlfMjE3/MDAxNzU1NTk0NDUyMzQw.PbUmzvns2eoJswAzzXYpzR9RhP6FZ0sju79mIh3WH6Ag.tf-kgOB58FwIuFVYEoYATAhoZUPJ1pd9tS5EA9BZHwwg.JPEG/%EB%84%A4%EC%9D%B4%EB%B2%84_%EB%9D%BC%EC%9A%B4%EC%A7%80%EC%8D%B8%EB%84%A4%EC%9D%BC_%EA%B3%B5%EC%8B%9D%EC%9B%B9%ED%88%B0_960x540.jpg?type=w1678
https://nng-phinf.pstatic.net/MjAyNTA4MTlfNjcg/MDAxNzU1NTk0NTEzNDY4.W7m3_cJ9DpYrDZ9RbnJGipoQ3tknHJntqLAuDMZX_YQg.FO0NJkZHen8swG_mfJgh8XvpdirKIkOznO6CINAamI4g.JPEG/01.jpg?type=w1678
https://nng-phinf.pstatic.net/MjAyNTA4MTlfMTU4/MDAxNzU1NTk0NTExODIx.nngnIRyJgPt8HgZdam9PYEnEyC30GY1c8zU_K5bYyWkg.zEaZGBicFmeNKO-lWL6QRRioDGKQlxF9GMdxr6U9MC0g.JPEG/02.jpg?type=w1678
https://nng-phinf.pstatic.net/MjAyNTA4MTlfNzIg/MDAxNzU1NTk0NTExODUw._86kiJXE7Q4tyRQHJ9NC5VD48r9wzJOBYbLGU_0vx_Mg.6cpJ6olXKYjFddhHcRqTAeEPl8CgAYr4esu7zoSh15Mg.JPEG/03.jpg?type=w1678
https://nng-phinf.pstatic.net/MjAyNTA4MTlfMjM5/MDAxNzU1NTk0NTExODk5.ZUagRHOdKjswRAyz8UMe7CtUYqM_sQXC5yWsfwRNDYYg.S5PwAUquy1pC0SDoiPWbZAItHYOS3lv_jYt2QBc07Tgg.JPEG/04.jpg?type=w1678
https://nng-phinf.pstatic.net/MjAyNTA4MTlfNTQg/MDAxNzU1NTk0NTExOTMx.QAYpkSK0nlC1yhwR0FeLptFZsEA6ZmZZvAE3hF51-U8g.fGgTERazDml9U9-FpW6qcsB9jUb2guYrKd1uKviTK6Eg.JPEG/05.jpg?type=w1678
https://nng-phinf.pstatic.net/MjAyNTA4MTlfMTYw/MDAxNzU1NTk0NTExOTgw.7Pm8CM3VD1nd-nPGAB-wcHNOmiVJUUcDjNRN6fh0-C0g.por3ipUepYikRIMuERp24RPVUcjC-jyRtPutYc4AD9cg.JPEG/06.jpg?type=w1678
https://nng-phinf.pstatic.net/MjAyNTA4MTlfMTEx/MDAxNzU1NTk0NTExOTQ5.tEGbC3HKiLXobEzbcTydjC4NnEKv6-_2QfvC-0KOdIwg.iucYkfR3kb6T_dW-0ZYpGOTqYuTMaQaGZFLP8syPggAg.JPEG/07.jpg?type=w1678
https://nng-phinf.pstatic.net/MjAyNTA4MTlfNzAg/MDAxNzU1NTk0NTEyODg4.O74-1OqgiEjndMuNr5UqJSt6D0Zie1qlBmX-lIsAA3Ig._iqYgcFsv0SI3TGGiFg2-tcE7acT26O7RSaFXI9XoQcg.JPEG/08.jpg?type=w1678
https://nng-phinf.pstatic.net/MjAyNTA4MTlfMTA4/MDAxNzU1NTk0NTEyOTU4.oEjLnNj4PVwaF_l__FB5JSvf_bXLeNX1Pqy9atO-pSMg.nHRypnAUHM0UYQ7OwUM3-NtMBjurAuCKpAZbnuz3fhsg.JPEG/09.jpg?type=w1678
https://nng-phinf.pstatic.net/MjAyNTA4MTlfMzIg/MDAxNzU1NTk0NTEzMDY5.lhnyClQmbAql97EeoX_fTj_PMGY-1xWjIaMsZ_Vgznog.amoGABLxiRauOW-VENeTEbwVZnkVm3Dd0Rk9UQOU6Dkg.JPEG/10.jpg?type=w1678
https://nng-phinf.pstatic.net/MjAyNTA4MTlfMjk2/MDAxNzU1NTk0NTEzMTQy.Y8Nbjx0fwaCUlqT8HbCe09s9WTr_cku3wwOsmqI-raQg.LGlPFG3_-n33UFo1rRZ_4L2YAJPpTrK2hzG0bdoaxoEg.JPEG/11.jpg?type=w1678",,https://game.naver.com/lounge/COUNTERSIDE/board/detail/6552118
6521559,COUNTERSIDE,카운터사이드,24,공식 웹툰,[웹툰] ZL100 - 품격있는 기사토크,[웹툰] ZL100 - 품격있는 기사토크,GM 이수연,15,2025-08-13T10:00:31+09:00,2025-08-13T10:00:31+09:00,1326,1,18,0,False,json,,"https://nng-phinf.pstatic.net/MjAyNTA4MTJfMTY1/MDAxNzU0OTg4NTc0ODE1.1Ka3dcg5FKL9l1Jp_DcLmiy4o1FKbOEmA2mZB3Nwo6wg.xTHo3UgRGdWnCizKEAFTxx8zC8Z25IJkWf12dbfIC9kg.JPEG/%EB%84%A4%EC%9D%B4%EB%B2%84_%EB%9D%BC%EC%9A%B4%EC%A7%80%EC%8D%B8%EB%84%A4%EC%9D%BC_%EA%B3%B5%EC%8B%9D%EC%9B%B9%ED%88%B0_960x540.jpg?type=w1678
https://nng-phinf.pstatic.net/MjAyNTA4MTJfNyAg/MDAxNzU0OTg4NDk5NTQ1.CQLIz58NwSQVpph_v2Mzh14BwGwmZiAl9NGsiIPz9dMg.9F9J6ZhkNDLi5Ru0knEb1cm5i8vJ4QLUoU1CwC7rBhgg.JPEG/1.jpg?type=w1678
https://nng-phinf.pstatic.net/MjAyNTA4MTJfMTk2/MDAxNzU0OTg4NDk5NTI5.XjW8EHp27tb6jfAsN0zRLivznJBVc-UlF_NUdr7NDLUg.CwacxtH2fbMGBixvYUquGxn3Ztdy5ukTWmxlVwXGLo0g.JPEG/2.jpg?type=w1678",,https://game.naver.com/lounge/COUNTERSIDE/board/detail/6521559
6485447,COUNTERSIDE,카운터사이드,24,공식 웹툰,[웹툰] BLACHA - 간병,[웹툰] BLACHA - 간병,GM 이수연,15,2025-08-06T10:00:30+09:00,2025-08-06T10:00:30+09:00,1935,4,14,0,False,json,,"https://nng-phinf.pstatic.net/MjAyNTA4MDVfMjAw/MDAxNzU0MzgwMDg0NTM2.3A-Rd9wLg1yJUlw-hJrHt4sbgtnkrJ03pgei8g-44UYg.hdlognCzW6WNLONSMWAnDYMWrp5qBgFluTqNnRgUEd0g.JPEG/%EB%84%A4%EC%9D%B4%EB%B2%84_%EB%9D%BC%EC%9A%B4%EC%A7%80%EC%8D%B8%EB%84%A4%EC%9D%BC_%EA%B3%B5%EC%8B%9D%EC%9B%B9%ED%88%B0_960x540.jpg?type=w1678
https://nng-phinf.pstatic.net/MjAyNTA4MDVfMTc3/MDAxNzU0MzgwMDU3MjAx.FVpNCJPzsuMN9PWRB8jbDJybKSlWjRkmeSXEpxPUrn8g.k1u8ajSwEXTnWXbqJRRgWxtAnYZ_oRx0eA9Y3IHb7JUg.PNG/1.png?type=w1678
https://nng-phinf.pstatic.net/MjAyNTA4MDVfMzUg/MDAxNzU0MzgwMDU3MTgy.RMENqG0ThBpEegowwv6ypQaI_heXw4OtKIDYOfpJdDIg.PCrVSY_xETwXBSYuUL6pyaSVNSxXQ2QgaEFN8HFxWpYg.PNG/2.png?type=w1678",,https://game.naver.com/lounge/COUNTERSIDE/board/detail/6485447
6450816,COUNTERSIDE,카운터사이드,24,공식 웹툰,[웹툰] ZL100 - 맛있게 먹으면 0칼로리,[웹툰] ZL100 - 맛있게 먹으면 0칼로리,GM 이수연,15,2025-07-30T10:00:32+09:00,2025-07-30T10:00:32+09:00,1310,2,18,0,False,json,,"https://nng-phinf.pstatic.net/MjAyNTA3MjlfMTAx/MDAxNzUzNzc0ODEzNDg0.9vkrnn4wX5s1b1fNn1BCmimzhmbJ0ebW1iv6eNN3gcAg.hNFLGDQ5XZ2sso9WPuzgJVJ2NZpN0ht4RANM56tlEVwg.JPEG/%EB%84%A4%EC%9D%B4%EB%B2%84_%EB%9D%BC%EC%9A%B4%EC%A7%80%EC%8D%B8%EB%84%A4%EC%9D%BC_%EA%B3%B5%EC%8B%9D%EC%9B%B9%ED%88%B0_960x540.jpg?type=w1678
https://nng-phinf.pstatic.net/MjAyNTA3MjlfMzUg/MDAxNzUzNzc0ODM1NzQ5.Gt07JjOzFE6se7js_PhBkCHUZDCfRmprNceqNczC6vYg.qI8kgSW0Ab0i_yE-eYAGLMHtV0SUY9ShgkH9TkvI48Yg.JPEG/1.jpg?type=w1678
https://nng-phinf.pstatic.net/MjAyNTA3MjlfMjAg/MDAxNzUzNzc0ODM1NzU3.HXyK3gE2qeSfMMS3TON0z0zY5wxyj6uUU8eTYEaFUFMg.QzMSrHSsWSgPv5a1nsKzuuhX3RZKMpQnAD9ER_tqqwkg.JPEG/2.jpg?type=w1678",,https://game.naver.com/lounge/COUNTERSIDE/board/detail/6450816
6411210,COUNTERSIDE,카운터사이드,24,공식 웹툰,[웹툰] BLACHA - 수산물,[웹툰] BLACHA - 수산물,GM 이수연,15,2025-07-23T10:00:32+09:00,2025-07-23T10:00:32+09:00,1461,3,14,0,False,json,,"https://nng-phinf.pstatic.net/MjAyNTA3MjJfNzEg/MDAxNzUzMTc4MTI1NTQy.Y_P4g5c-MozyBv9EdWBV6pvZfxsTRYG93cTbgn6ePiEg.ra9ckyC5ZcPZFJHzERcOhcs-CesTMcoweI5AGiA_uV0g.JPEG/%EB%84%A4%EC%9D%B4%EB%B2%84_%EB%9D%BC%EC%9A%B4%EC%A7%80%EC%8D%B8%EB%84%A4%EC%9D%BC_%EA%B3%B5%EC%8B%9D%EC%9B%B9%ED%88%B0_960x540.jpg?type=w1678
https://nng-phinf.pstatic.net/MjAyNTA3MjJfMTk2/MDAxNzUzMTc4MTk5MjU0.C6j1FiAe1eVdKYlnwxiJQPwSJ5aY10o2A8m73puCqRsg.NugCioLwEL0FgRj2jjFgolkvylNzn4Cwo8spkzGfEPcg.JPEG/1.jpg?type=w1678
https://nng-phinf.pstatic.net/MjAyNTA3MjJfMTMz/MDAxNzUzMTc4MTk5MjU2.z1ihM7xKEJmELZDcglKwV9JEYFz6-rbniPGkN79vbTwg.W4Uu7xuj-uA4Y3lf8xhFTNy53zdZVMmULTJ59deJtAYg.JPEG/2.jpg?type=w1678",,https://game.naver.com/lounge/COUNTERSIDE/board/detail/6411210
6325819,COUNTERSIDE,카운터사이드,24,공식 웹툰,[웹툰] ZL100 - 검색 기능을 활용합시다!,[웹툰] ZL100 - 검색 기능을 활용합시다!,GM 이수연,15,2025-07-09T10:00:31+09:00,2025-07-09T10:00:31+09:00,1184,2,20,0,False,json,,"https://nng-phinf.pstatic.net/MjAyNTA3MDhfMiAg/MDAxNzUxOTY0NDQ1NDA0.hZWtkoikS1dLqpS85aTfB_bdWqUY7tD5l4DUNxCFpeEg.FEVWIeZ15AmLPj49A6jGy-u2c8thlAvU6GeuOoDxpxYg.JPEG/%EB%84%A4%EC%9D%B4%EB%B2%84_%EB%9D%BC%EC%9A%B4%EC%A7%80%EC%8D%B8%EB%84%A4%EC%9D%BC_%EA%B3%B5%EC%8B%9D%EC%9B%B9%ED%88%B0_960x540.jpg?type=w1678
https://nng-phinf.pstatic.net/MjAyNTA3MDhfMjQ1/MDAxNzUxOTY0NDI5Mjg3._fNHs0fRV08jlDyCrapJga3BTEE1HePPaO_BkGtO4wsg.cXRpOhRVCcZIWbTJZ0jITfhC7CJaSJncJHsDkIDUuxAg.JPEG/ZL100_cswebtoon44.jpg?type=w1678
https://nng-phinf.pstatic.net/MjAyNTA3MDhfMTc1/MDAxNzUxOTY0NDI5Mjc3.1zfKNkAhpvrcePdttLkXOGim7rPo37kuymZ5zRBqgM4g.vKY6MmNgJaqK6QEGWuAPM0J4NtMU3tTiAJ36DqLFlmsg.JPEG/ZL100_cswebtoon44-2.jpg?type=w1678",,https://game.naver.com/lounge/COUNTERSIDE/board/detail/6325819
6289142,COUNTERSIDE,카운터사이드,24,공식 웹툰,[웹툰] ZL100 - 점장님의 고민,[웹툰] ZL100 - 점장님의 고민,GM 이수연,15,2025-07-02T10:00:32+09:00,2025-07-02T10:00:32+09:00,1162,2,12,0,False,json,,"https://nng-phinf.pstatic.net/MjAyNTA3MDFfMjY3/MDAxNzUxMzU5MTk3OTQ2.RK5pHHOe41hEugLV8vTDJyYKtRhaaP045QBUmJlHe4Mg.J7j-SxTnOIVhUALeHW_v_qt0IlWeChxb3gusL8krEcUg.JPEG/%EB%84%A4%EC%9D%B4%EB%B2%84_%EB%9D%BC%EC%9A%B4%EC%A7%80%EC%8D%B8%EB%84%A4%EC%9D%BC_%EA%B3%B5%EC%8B%9D%EC%9B%B9%ED%88%B0_960x540.jpg?type=w1678
https://nng-phinf.pstatic.net/MjAyNTA3MDFfMTM3/MDAxNzUxMzU5MjA1ODQy.MEPR2Ab0wB4-vbg21wrd-e4JoAN8DTc8VfYrQk4aeLQg.yWCu8p-TgiaLnhIGVMUjx5ZdS0IMAfRNGMmqf-Pazl0g.JPEG/%EC%A0%90%EC%9E%A5%EB%8B%98%EC%9D%98_%EA%B3%A0%EB%AF%BC1.jpg?type=w1678
https://nng-phinf.pstatic.net/MjAyNTA3MDFfNTIg/MDAxNzUxMzU5MjExMTcx.gBMmRE-U2EjIhKzrWAmqEYuN9mhPS9VJQRRvtHFAdcAg.m4VbjXuU5h93zgVTslgYRhNCLaIbUtkcYkTBIH-lV4Ig.JPEG/%EC%A0%90%EC%9E%A5%EB%8B%98%EC%9D%98_%EA%B3%A0%EB%AF%BC2.jpg?type=w1678",,https://game.naver.com/lounge/COUNTERSIDE/board/detail/6289142
6249617,COUNTERSIDE,카운터사이드,24,공식 웹툰,[웹툰] BLACHA - 퀵 배송,[웹툰] BLACHA - 퀵 배송,GM 이수연,15,2025-06-25T10:00:32+09:00,2025-07-15T17:33:51+09:00,1223,4,13,0,False,json,,"https://nng-phinf.pstatic.net/MjAyNTA2MjRfMjc0/MDAxNzUwNzU4NDQ5MjI4.jKPzQMx4KmH0XlYK_IgyijRWX5RGKjFYfQuo2t4PQZYg.VcRVg28v7LwegORR-AzuJH3BU5ulytfxZ8iSjKKLyKUg.JPEG/%EB%84%A4%EC%9D%B4%EB%B2%84_%EB%9D%BC%EC%9A%B4%EC%A7%80%EC%8D%B8%EB%84%A4%EC%9D%BC_%EA%B3%B5%EC%8B%9D%EC%9B%B9%ED%88%B0_960x540.jpg?type=w1678
https://nng-phinf.pstatic.net/MjAyNTA2MjRfMjMz/MDAxNzUwNzU4NDU4Mzcw.dRQxXJqEsOImmI8vj1GUriIASebzRodV6dbvtnFoLr8g.euJXSmhrS8EZJDzvjIkJCPoeISB5sNVcIr_f-t1CsdIg.JPEG/%EC%B9%B4%EC%9A%B4%ED%84%B0_%EC%82%AC%EC%9D%B4%EB%93%9C_4%EC%BB%B7_022%ED%99%94.jpg?type=w1678
https://nng-phinf.pstatic.net/MjAyNTA2MjRfMTYw/MDAxNzUwNzU4NDU4Mzc2.BQkL2bTQ6nG9qofjtpkcfpBINLa3yf4pHkUtYlVAqmUg.zaDcxrcdZYr-q4DG_4mq5ssvlCdxiauPJtJeWAWYY_Ug.JPEG/022_%EC%A7%9C%EB%9D%BC%EC%8B%9C.jpg?type=w1678",,https://game.naver.com/lounge/COUNTERSIDE/board/detail/6249617
6216940,COUNTERSIDE,카운터사이드,24,공식 웹툰,[웹툰] ZL100 - 당신의 타입은?,[웹툰] ZL100 - 당신의 타입은_,GM 이수연,15,2025-06-18T10:00:30+09:00,2025-06-18T10:00:30+09:00,1171,3,13,0,False,json,,"https://nng-phinf.pstatic.net/MjAyNTA2MTdfMTQ4/MDAxNzUwMTQ5MzkxNjg1.4LKkzkphnW00CUVJ29aQjLivz883BsHFN2oMtiz56V8g.SLm-ZIJ6Snk-cglFtNbs8x0-l7xGPN3RB8PUFeRL90Ug.JPEG/%EB%84%A4%EC%9D%B4%EB%B2%84_%EB%9D%BC%EC%9A%B4%EC%A7%80%EC%8D%B8%EB%84%A4%EC%9D%BC_%EA%B3%B5%EC%8B%9D%EC%9B%B9%ED%88%B0_960x540.jpg?type=w1678
https://nng-phinf.pstatic.net/MjAyNTA2MTdfNjcg/MDAxNzUwMTQ5NDAzMjQ2.6lXqD-DSQESZ9_c9vfxm47KCEFHZKr7L0I6At3CHRKIg.wb67J8ZrRz_CyDV6WgbY38gJluf6frDlus6xM9BM-VQg.JPEG/%EB%8B%B9%EC%8B%A0%EC%9D%98_%ED%83%80%EC%9E%85%EC%9D%801.jpg?type=w1678
https://nng-phinf.pstatic.net/MjAyNTA2MTdfNTQg/MDAxNzUwMTQ5NDAzMjAy.H7AANtgSNEFjMmQdtbuauF7VfeCS6vP9n9CWTBTouz0g.sjk2ufl_O1NQNThBa5mBoavJ4jKmP23XBc0qpPPo5icg.JPEG/%EB%8B%B9%EC%8B%A0%EC%9D%98_%ED%83%80%EC%9E%85%EC%9D%802.jpg?type=w1678",,https://game.naver.com/lounge/COUNTERSIDE/board/detail/6216940
6172150,COUNTERSIDE,카운터사이드,24,공식 웹툰,[웹툰] BLACHA - 소풍,[웹툰] BLACHA - 소풍,GM 이수연,15,2025-06-11T10:00:31+09:00,2025-06-11T10:00:31+09:00,1224,4,15,0,False,json,,"https://nng-phinf.pstatic.net/MjAyNTA2MTBfMjU5/MDAxNzQ5NTQ1MDk1NzU2.im2YnLntWBU9GXUssOdV6Oy3xnH0SiNKym4T0QNClogg.9nyLlqHYEAONy3D-0p1FWsW1KvjG3dS9RNg0URnPsF4g.JPEG/%EB%84%A4%EC%9D%B4%EB%B2%84_%EB%9D%BC%EC%9A%B4%EC%A7%80%EC%8D%B8%EB%84%A4%EC%9D%BC_%EA%B3%B5%EC%8B%9D%EC%9B%B9%ED%88%B0_960x540.jpg?type=w1678
https://nng-phinf.pstatic.net/MjAyNTA2MTBfOTgg/MDAxNzQ5NTQ1MTAyNTA2.ZmTfmAGuOx1WsVcjoC9lUZiY0kcTRsra6K97SuL5Nykg.5deV3QS8DreGdgwzaMJVCx-ICfL_hxJvIVipCLeqiJQg.JPEG/%EC%B9%B4%EC%9A%B4%ED%84%B0_%EC%82%AC%EC%9D%B4%EB%93%9C_4%EC%BB%B7_021%ED%99%94.jpg?type=w1678
https://nng-phinf.pstatic.net/MjAyNTA2MTBfNDMg/MDAxNzQ5NTQ1MTAyNTIw.gPA6x0Kk7Le_XyYPake89LjYwRNSOQBsk13SLLf-aRgg.zPLn7X6dqmmTkD3lJjla84wQDOH2yUgIbnuabPUKS1Yg.JPEG/021_%EC%A7%9C%EB%9D%BC%EC%8B%9C.jpg?type=w1678",,https://game.naver.com/lounge/COUNTERSIDE/board/detail/6172150
6135922,COUNTERSIDE,카운터사이드,24,공식 웹툰,[웹툰] ZL100 - 건틀렛의 수호천사,[웹툰] ZL100 - 건틀렛의 수호천사,GM 이수연,15,2025-06-04T10:00:30+09:00,2025-06-04T10:00:30+09:00,1150,2,17,0,False,json,,"https://nng-phinf.pstatic.net/MjAyNTA2MDJfMjY0/MDAxNzQ4ODU3OTg0OTkw.zYPN1Ws7JXG0afP2Jtetkegcgln3-dxSTzA_BTv7WHkg.TD0z-1FBMZdAmW4qeBpOLgAqQjrliMpA9yYOt6-9thIg.JPEG/%EB%84%A4%EC%9D%B4%EB%B2%84_%EB%9D%BC%EC%9A%B4%EC%A7%80%EC%8D%B8%EB%84%A4%EC%9D%BC_%EA%B3%B5%EC%8B%9D%EC%9B%B9%ED%88%B0_960x540.jpg?type=w1678
https://nng-phinf.pstatic.net/MjAyNTA2MDJfMTY2/MDAxNzQ4ODU3OTkwNDU3.5rRJigznYzCYHVqWXNG6bfC9ttGHpvlvTDnSKr7Pj1Eg.wMhKGbCGhrZ8z6KuSiZFhsFHkO5O_kDVAnQ8s5EtWgEg.JPEG/%EA%B1%B4%ED%8B%80%EB%A0%9B%EC%9D%98_%EC%88%98%ED%98%B8%EC%B2%9C%EC%82%AC1.jpg?type=w1678
https://nng-phinf.pstatic.net/MjAyNTA2MDJfMjU0/MDAxNzQ4ODU3OTkwNDA3.1FeQMSJv4BdAcULbe0RbwH8WTyv2nzTsWKa8ciuHgTEg.fBSBJ9PbBZRU8PwGMf0yaxaSWVdmS7Etyo9_BpZpQ0wg.JPEG/%EA%B1%B4%ED%8B%80%EB%A0%9B%EC%9D%98_%EC%88%98%ED%98%B8%EC%B2%9C%EC%82%AC2.jpg?type=w1678",,https://game.naver.com/lounge/COUNTERSIDE/board/detail/6135922
6096562,COUNTERSIDE,카운터사이드,24,공식 웹툰,[웹툰] BLACHA - 안무,[웹툰] BLACHA - 안무,GM 이수연,15,2025-05-28T10:00:36+09:00,2025-05-28T10:00:36+09:00,1233,2,17,0,False,json,,"https://nng-phinf.pstatic.net/MjAyNTA1MjdfNyAg/MDAxNzQ4MzM4MDYyNDMz.GFMTPx5gSQwHkEw3eGR-zp7gbOGzqPJ9qUh0Q3H-adog.tlpb1OAZ4SfWNHDIVSTZBRIxipX3qwjBlHJF3SmMFf4g.JPEG/%EB%84%A4%EC%9D%B4%EB%B2%84_%EB%9D%BC%EC%9A%B4%EC%A7%80%EC%8D%B8%EB%84%A4%EC%9D%BC_%EA%B3%B5%EC%8B%9D%EC%9B%B9%ED%88%B0_960x540.jpg?type=w1678
https://nng-phinf.pstatic.net/MjAyNTA1MjdfMTE1/MDAxNzQ4MzM4MDcxOTg2.B_EpboHXQlWQ92EbLKH6Op4yHto-nnTr0G5d8yBmk1Ug.R0dfmCW3WUY555OisYQVV0Vu4x4j6kvycT9ZKa6txXgg.JPEG/%EC%B9%B4%EC%9A%B4%ED%84%B0_%EC%82%AC%EC%9D%B4%EB%93%9C_4%EC%BB%B7_020%ED%99%94.jpg?type=w1678
https://nng-phinf.pstatic.net/MjAyNTA1MjdfNjkg/MDAxNzQ4MzM4MDcwMDk1.2Y2hiFWKI-v_YLUTRVXg6RdebCkjwNEd_zaYSixTrewg.A_l7phz5aF2ipfLCfKvAwktff8EJsEKXT4pyROTZ7kUg.JPEG/020_%EC%A7%9C%EB%9D%BC%EC%8B%9C.jpg?type=w1678",,https://game.naver.com/lounge/COUNTERSIDE/board/detail/6096562
6057118,COUNTERSIDE,카운터사이드,24,공식 웹툰,[웹툰] ZL100 - 루시아가 쓰러지지 않아,[웹툰] ZL100 - 루시아가 쓰러지지 않아,GM 이수연,15,2025-05-21T10:00:32+09:00,2025-05-21T10:00:32+09:00,1180,3,18,0,False,json,,"https://nng-phinf.pstatic.net/MjAyNTA1MjBfMjY2/MDAxNzQ3NzM1NDc4NTk0.OP8x0QnVs2D1XKu8khpmFGWUtJJ31NbLvmN_JJBsvk4g.R00lPiCvU2OTijsVsCTxS7rByXHdZ__CivGYlyOTszog.JPEG/%EB%84%A4%EC%9D%B4%EB%B2%84_%EB%9D%BC%EC%9A%B4%EC%A7%80%EC%8D%B8%EB%84%A4%EC%9D%BC_%EA%B3%B5%EC%8B%9D%EC%9B%B9%ED%88%B0_960x540.jpg?type=w1678
https://nng-phinf.pstatic.net/MjAyNTA1MjBfNDcg/MDAxNzQ3NzM1NDk1Nzc1.KVOJbFOntY0FmCP1O7fe5PSw29-KrMoQIwOr1Ch933Yg.r3CneFjFyoSaKm298gVzRaAp8wvU1SjLMdlBDZTkawEg.JPEG/re_ZL100_cswebtoon40.jpg?type=w1678
https://nng-phinf.pstatic.net/MjAyNTA1MjBfMjQ2/MDAxNzQ3NzM1NDk4MjU5.3pmQ0Q4VliRpM_T0AxqQZ6Th-ChGgvecswid-8yQLmcg.u1jh19baiuiVysE63Zcg1sZ9tbayCfvu6sv8gMjWT2gg.JPEG/re_ZL100_cswebtoon40-2.jpg?type=w1678",,https://game.naver.com/lounge/COUNTERSIDE/board/detail/6057118
6015933,COUNTERSIDE,카운터사이드,24,공식 웹툰,[웹툰] BLACHA - 모집 공고,[웹툰] BLACHA - 모집 공고,GM 이수연,15,2025-05-14T10:00:37+09:00,2025-05-14T10:00:37+09:00,1409,4,24,0,False,json,,"https://nng-phinf.pstatic.net/MjAyNTA1MTNfMjUy/MDAxNzQ3MTMwMTIzNDIz.zUiY0ZmueFkJ_Mv-stMvRh9WRVwsdLId-SPyndlVEZog.jPp20mkdROLqB5anNxtKmJY91OIeawHI-QYuLOXmBSIg.JPEG/%EB%84%A4%EC%9D%B4%EB%B2%84_%EB%9D%BC%EC%9A%B4%EC%A7%80%EC%8D%B8%EB%84%A4%EC%9D%BC_%EA%B3%B5%EC%8B%9D%EC%9B%B9%ED%88%B0_960x540.jpg?type=w1678
https://nng-phinf.pstatic.net/MjAyNTA1MTNfMjk3/MDAxNzQ3MTMwMTMyMjk1.QhhUdMxeuLGR1XETQIINz33bFXYg4zFQjkmlM_m-QiEg.seLg5MPXPjmFI2Ywcj7JDZOKpwsGGcEJ05iN53nI7rYg.PNG/%EC%B9%B4%EC%9A%B4%ED%84%B0_%EC%82%AC%EC%9D%B4%EB%93%9C_4%EC%BB%B7_019%ED%99%94_%EC%99%84%EC%84%B1%EB%B3%B8.png?type=w1678
https://nng-phinf.pstatic.net/MjAyNTA1MTNfNzYg/MDAxNzQ3MTMwMTMyMzEx.wirZUO8tLsldzT3f-C2K0eKIbeVmJUzWLPFmdExdd0Ig.ZTjyBjWLQjZ9JBAC4IG3Og8UiJB4KPeSMWsuaDhhUSQg.PNG/019_%EC%A7%9C%EB%9D%BC%EC%8B%9C_%EC%99%84%EC%84%B1%EB%B3%B8.png?type=w1678",,https://game.naver.com/lounge/COUNTERSIDE/board/detail/6015933
5962013,COUNTERSIDE,카운터사이드,24,공식 웹툰,[웹툰] ZL100 - ENDGAME,[웹툰] ZL100 - ENDGAME,GM 이수연,15,2025-04-30T10:00:36+09:00,2025-04-30T10:00:36+09:00,1257,2,17,0,False,json,,"https://nng-phinf.pstatic.net/MjAyNTA0MjlfMTg4/MDAxNzQ1OTE0OTYzOTg4.4MtNbReyKaomkH3U_7G1p1rZw1NI7hHg5gXJ_l_qIpEg.rixgtl5RH7v2mEoAcFkOnbaq4-dNXxemb7hShayDOKgg.JPEG/%EB%84%A4%EC%9D%B4%EB%B2%84_%EB%9D%BC%EC%9A%B4%EC%A7%80%EC%8D%B8%EB%84%A4%EC%9D%BC_%EA%B3%B5%EC%8B%9D%EC%9B%B9%ED%88%B0_960x540.jpg?type=w1678
https://nng-phinf.pstatic.net/MjAyNTA0MjlfMjUz/MDAxNzQ1OTE0OTcyMjg0.e_xCrOMmEYQns_Vf2bVAThlMUkR4xqr1R6FLlCZPXVsg.qLFdd5C2efLnFFmX6Y_-umPp8lKMC94P8y7Ldb6qbFkg.PNG/ZL100_cswebtoon39.png?type=w1678
https://nng-phinf.pstatic.net/MjAyNTA0MjlfMTcw/MDAxNzQ1OTE0OTc2MTA4.va7ynT7gdlJMPEd4AYVIFooxcvOYeEeWatg1N8Prb_Qg.nNPx-o3f8qPc0Xc9pSdi4IM3zLLXJ0yi1zVx5oXkqsUg.PNG/ZL100_cswebtoon39-2.png?type=w1678",,https://game.naver.com/lounge/COUNTERSIDE/board/detail/5962013
5894601,COUNTERSIDE,카운터사이드,24,공식 웹툰,[웹툰] ZL100 - 수도원의 파수꾼,[웹툰] ZL100 - 수도원의 파수꾼,GM 이수연,15,2025-04-16T10:00:49+09:00,2025-04-16T10:00:49+09:00,1313,1,15,0,False,json,,"https://i.imgur.com/yysNUUT.jpeg
https://nng-phinf.pstatic.net/MjAyNTA0MTVfMjEw/MDAxNzQ0NzA3MjEyNjg1.BeOjrnVJu49O6JIRCZM9UB3QSnfifQ_khdi3j4lepBMg.Xunx8KWIKigQy0v5k1NCBtJ42HKhTiHGYWdGsECB6Kcg.PNG/ZL100_cswebtoon38_re.png?type=w1678
https://nng-phinf.pstatic.net/MjAyNTA0MTVfMTQ1/MDAxNzQ0NzA3MjEyNjI1.ILs7j67n-nx8WYG4ww1cqdTkwU8toeHLOU0bnftLackg.BlgfIhI1UcZ7qkJJK-AeSy2D7XGjSWhMZijc8m2Zk80g.PNG/ZL100_cswebtoon38-2_re.png?type=w1678",,https://game.naver.com/lounge/COUNTERSIDE/board/detail/5894601
5835441,COUNTERSIDE,카운터사이드,24,공식 웹툰,[웹툰] ZL100 - 건틀렛 OX 퀴즈!,[웹툰] ZL100 - 건틀렛 OX 퀴즈!,GM 이수연,15,2025-04-02T10:01:03+09:00,2025-04-02T10:01:03+09:00,1166,1,18,0,False,json,,"https://i.imgur.com/65AiqvW.jpeg
https://nng-phinf.pstatic.net/MjAyNTA0MDFfMjY4/MDAxNzQzNDk3ODg2NTY1.d2HjeSVoyiput9IyPYPdc4U31l3_SbrZHomEk4OErp4g.H8lfPt0rz48LIX6xMWlrCqjGIKUNYUvILw_f__e3TGIg.PNG/ZL100_cswebtoon37.png?type=w1678
https://nng-phinf.pstatic.net/MjAyNTA0MDFfNzgg/MDAxNzQzNDk3ODg2NTE2.Qnbcv0LYd3TqEomQP9BFpzzW1ObFVfJTJkseP4TxM70g.R_T0EgwdAmdaZk2z9Eb7oImNTP1215cHde9me1DJlokg.PNG/ZL100_cswebtoon37-2.png?type=w1678",,https://game.naver.com/lounge/COUNTERSIDE/board/detail/5835441
5801380,COUNTERSIDE,카운터사이드,24,공식 웹툰,[웹툰] ZL100 - 이건 나도 못 막아,[웹툰] ZL100 - 이건 나도 못 막아,GM 이수연,15,2025-03-26T10:00:45+09:00,2025-03-26T10:00:45+09:00,1322,2,18,0,False,json,,"https://i.imgur.com/65AiqvW.jpeg
https://i.imgur.com/laY1lUs.jpeg
https://i.imgur.com/0G81K2L.png",,https://game.naver.com/lounge/COUNTERSIDE/board/detail/5801380
5772906,COUNTERSIDE,카운터사이드,24,공식 웹툰,"[웹툰] ZL100 - 전용장비, 가르쳐주세요 언니!","[웹툰] ZL100 - 전용장비, 가르쳐주세요 언니!",GM 이수연,15,2025-03-19T10:00:52+09:00,2025-03-19T10:00:52+09:00,1257,3,18,0,False,json,,"https://i.imgur.com/65AiqvW.jpeg
https://nng-phinf.pstatic.net/MjAyNTAzMThfMTIy/MDAxNzQyMjg3NTczNDU0.S7jzpyfkOxnFgsxXwqYBrPx4PyFMkCoDF-y5bcsfCIIg.6lHf8jHJ3Tr7ho76LUKyNMduVgO0no0ABDKQW9q6d1og.PNG/ZL100_cswebtoon35.png?type=w1678
https://nng-phinf.pstatic.net/MjAyNTAzMThfNTcg/MDAxNzQyMjg3NTc2OTky.HIlMaPpsrZCUYh2Vrft-6XBTSUEat_S3rD-Cj9K2VEwg.nprRz3PgEKN1cKG7mp7OOWHYYPjPCKgnVe7yLLp5O0Yg.PNG/ZL100_cswebtoon35-2.png?type=w1678",,https://game.naver.com/lounge/COUNTERSIDE/board/detail/5772906
5737622,COUNTERSIDE,카운터사이드,24,공식 웹툰,"[웹툰] ZL100 - 철벽의 힘이, 그 권능이!","[웹툰] ZL100 - 철벽의 힘이, 그 권능이!",GM 이수연,15,2025-03-12T10:00:56+09:00,2025-03-12T10:00:56+09:00,1303,3,20,0,False,json,,"https://i.imgur.com/65AiqvW.jpeg
https://i.imgur.com/60ZTwsd.jpeg
https://i.imgur.com/hv6Kpkv.png",,https://game.naver.com/lounge/COUNTERSIDE/board/detail/5737622
5678257,COUNTERSIDE,카운터사이드,24,공식 웹툰,"[웹툰] ZL100 - RUSH, RUSH, RUSH!!","[웹툰] ZL100 - RUSH, RUSH, RUSH!!",GM 이수연,15,2025-02-26T10:02:18+09:00,2025-02-26T10:02:18+09:00,1393,3,24,0,False,json,,"https://i.imgur.com/DeNjLjn.jpeg
https://nng-phinf.pstatic.net/MjAyNTAyMjVfMTcw/MDAxNzQwNDcyMjQzMTQz.bArpCyJTmMIaSYyJsgSx4Q1SPVUidE-UOhp7hxzPaF0g.diww1gKf7en-RI0GyXzz7IfbNoahTMaz5qd3StKxE24g.PNG/ZL100_cswebtoon33.png?type=w1678
https://nng-phinf.pstatic.net/MjAyNTAyMjVfMTky/MDAxNzQwNDcyMjQzMDIy.K4u6H1nbKOTx72awwkJn75S5v1vw-L2dvV1nhniO1Z0g.A2rgsPVZtfOdhw7uIFOd7888_t36GiGnU5pEYHIcnlcg.PNG/ZL100_cswebtoon33-2.png?type=w1678",,https://game.naver.com/lounge/COUNTERSIDE/board/detail/5678257
5644823,COUNTERSIDE,카운터사이드,24,공식 웹툰,[웹툰] ZL100 - 복잡하지 않아요,[웹툰] ZL100 - 복잡하지 않아요,GM 이수연,15,2025-02-19T10:00:40+09:00,2025-02-19T10:00:40+09:00,1326,2,17,0,False,json,,"https://i.imgur.com/DeNjLjn.jpeg
https://nng-phinf.pstatic.net/MjAyNTAyMThfMjk1/MDAxNzM5ODY5MjMyODcy.BM6TS2D64MG-AAJtBHafqriWdUxmbuZ9RxUlELtmndIg.ieWj71q7es-twbPZM9eDg9vhzeEHo9I8ef8kcrAuKkcg.PNG/ZL100_cswebtoon32.png?type=w1678
https://nng-phinf.pstatic.net/MjAyNTAyMThfMjky/MDAxNzM5ODY5MjMyODI5.iWV_KcP3XrYYqEIFFKkf2NHO6tWq8Zj1YHP2sfS9V1Mg._CG4M1Bo4gh9Fux90W3H-spHAwIP81EMVx4gSNpvMNYg.PNG/ZL100_cswebtoon32-2.png?type=w1678",,https://game.naver.com/lounge/COUNTERSIDE/board/detail/5644823
5605290,COUNTERSIDE,카운터사이드,24,공식 웹툰,[웹툰] BLACHA - 둘만의 비밀,[웹툰] BLACHA - 둘만의 비밀,GM 이수연,15,2025-02-12T10:01:16+09:00,2025-02-12T10:01:16+09:00,1718,5,25,0,False,json,,"https://i.imgur.com/DeNjLjn.jpeg
https://nng-phinf.pstatic.net/MjAyNTAyMTFfMjMg/MDAxNzM5MjY3ODY3ODI3.VoDF__bzAeii1AseNcXjO9cSjQJutU5gmmJlTcY8fk8g.t22oWmNTOYyKuObFYZdyGjPTLKVYAkTRUQ1-ORp_owQg.PNG/%EC%B9%B4%EC%9A%B4%ED%84%B0_%EC%82%AC%EC%9D%B4%EB%93%9C_4%EC%BB%B7_018%ED%99%94_%EC%99%84%EC%84%B1%EB%B3%B8.png?type=w1678
https://nng-phinf.pstatic.net/MjAyNTAyMTFfMTI1/MDAxNzM5MjY3ODY3Nzk2.bFc0SntSvcyltC3aOY4P-ur-qhSu1eXOJTB5QxytinIg.D79Ed0g-5BLV8cljqPgT29JngPvOuepJS0RuF0Tkqkgg.PNG/018_%EC%A7%9C%EB%9D%BC%EC%8B%9C.png?type=w1678",,https://game.naver.com/lounge/COUNTERSIDE/board/detail/5605290
5577255,COUNTERSIDE,카운터사이드,24,공식 웹툰,"[웹툰] ZL100 - 움직여, 이수연","[웹툰] ZL100 - 움직여, 이수연",GM 이수연,15,2025-02-05T10:00:52+09:00,2025-02-05T10:00:52+09:00,1463,2,19,0,False,json,,"https://i.imgur.com/DeNjLjn.jpeg
https://nng-phinf.pstatic.net/MjAyNTAyMDRfMjM2/MDAxNzM4NjYxOTY0MTk0.DJhPHtY2Im9tOBL-eIT4yKNdTDDkLJRCxo_9fhEp96Ug.LGIdexvuJAQP73FddreagWrMA0qO19kOfrzgXD7_k54g.PNG/ZL100_cswebtoon31.png?type=w1678
https://nng-phinf.pstatic.net/MjAyNTAyMDRfMTAw/MDAxNzM4NjYxOTY0MTAz.qaYVHUyki0o8L5XBEhFjeRq4k_uTyNbTkTFCGtR80Eog.-SPwtHj5tGI3U0GqZnkPMrP1B-rmZTFXG_KHbYQeBhIg.PNG/ZL100_cswebtoon31-2.png?type=w1678",,https://game.naver.com/lounge/COUNTERSIDE/board/detail/5577255
5468962,COUNTERSIDE,카운터사이드,24,공식 웹툰,[웹툰] BLACHA - 함정,[웹툰] BLACHA - 함정,GM 이수연,15,2025-01-15T10:00:50+09:00,2025-01-15T10:00:50+09:00,2273,4,26,0,False,json,,"https://i.imgur.com/DeNjLjn.jpeg
https://nng-phinf.pstatic.net/MjAyNTAxMTRfNDcg/MDAxNzM2ODUwMzgxNzE1.AiiMJmp8pNcb-3KlxzvnLNDZ8kjTQdu9OZUhxAUfSIsg.YGZkgwIv0BEBNsTZbejbmPoWBRNiQRVJ7BTnSsQzKPsg.PNG/%EC%B9%B4%EC%9A%B4%ED%84%B0_%EC%82%AC%EC%9D%B4%EB%93%9C_4%EC%BB%B7_017%ED%99%94.png?type=w1678
https://nng-phinf.pstatic.net/MjAyNTAxMTRfMTkz/MDAxNzM2ODUwMzgxNjg5.KlkygbbzBmIbu7iqDiKTcTqNNGLYnuX6IoEPaUeW1EMg.JXU3PKTP-ew4_ikWoeMZLm_TnQ9H256yR4Dd3VcxCjYg.PNG/017_%EC%A7%9C%EB%9D%BC%EC%8B%9C.png?type=w1678",,https://game.naver.com/lounge/COUNTERSIDE/board/detail/5468962
5434103,COUNTERSIDE,카운터사이드,24,공식 웹툰,[웹툰] ZL100 - 칠흑의 구원자,[웹툰] ZL100 - 칠흑의 구원자,GM 이수연,15,2025-01-08T10:00:52+09:00,2025-01-08T10:00:52+09:00,1428,4,26,1,False,json,,"https://i.imgur.com/DeNjLjn.jpeg
https://i.imgur.com/vqtNPrO.jpeg
https://i.imgur.com/2vNd6Dj.png",,https://game.naver.com/lounge/COUNTERSIDE/board/detail/5434103
5275469,COUNTERSIDE,카운터사이드,24,공식 웹툰,[웹툰] ZL100 - 건틀렛에서 하나가 되어요,[웹툰] ZL100 - 건틀렛에서 하나가 되어요,GM 이수연,15,2024-12-11T10:00:36+09:00,2024-12-11T10:00:36+09:00,1619,5,25,0,False,json,,"https://i.imgur.com/72a3nk8.jpeg
https://nng-phinf.pstatic.net/MjAyNDEyMTBfMjAg/MDAxNzMzODIxOTQ2NjQ2.AfeCTq0hSBsYIvv2WuXCUMCA6dT4pRbcDjmhdRNaxL4g.1ypG2A-M8MsD-eIIny9MIjVnVK4CamRMAFXLbOnbvi8g.PNG/ZL100_cswebtoon29.png?type=w1678
https://nng-phinf.pstatic.net/MjAyNDEyMTBfMTYw/MDAxNzMzODIxOTQ2NTc3.zEPC5_j-akU-gkaZxcmTafAINvwms3fcdy2QqlX-_KAg.mUf-jfxp48OuHyEVM8otbWD60gsApoFLNyFePDR9Y_kg.PNG/ZL100_cswebtoon29-2.png?type=w1678",,https://game.naver.com/lounge/COUNTERSIDE/board/detail/5275469
5192638,COUNTERSIDE,카운터사이드,24,공식 웹툰,[웹툰] ZL100 - 오늘의 경기는 드래프트 밴픽!,[웹툰] ZL100 - 오늘의 경기는 드래프트 밴픽!,GM 이수연,15,2024-11-27T14:00:42+09:00,2024-11-27T14:00:42+09:00,1447,2,28,0,False,json,,"https://i.imgur.com/72a3nk8.jpeg
https://nng-phinf.pstatic.net/MjAyNDExMjdfNDkg/MDAxNzMyNjc1NTEyNzg2.LIVK1tmdzBNgSUghBgiPVdpq5RBRo9l10JrvYHEzFTwg.mZk1sszl2TDTcul3PkyN2Wb0v9ihRNwcThtj72SFAwsg.PNG/ZL100_cswebtoon28.png?type=w1678
https://nng-phinf.pstatic.net/MjAyNDExMjdfMTY2/MDAxNzMyNjc1NTEyNzEx.oREaSgop6SeQ7NW_zuBlMp3bgL3qmvVKv8JKXqRHK30g.EwWrR1_kAUR0kBoRERIEywvCbcVYBdtmM1femPe7s-og.PNG/ZL100_cswebtoon28-2.png?type=w1678",,https://game.naver.com/lounge/COUNTERSIDE/board/detail/5192638
5135551,COUNTERSIDE,카운터사이드,24,공식 웹툰,[웹툰] BLACHA - 난입,[웹툰] BLACHA - 난입,GM 이수연,15,2024-11-20T14:00:36+09:00,2024-11-20T14:00:36+09:00,2212,5,31,0,False,json,,"https://i.imgur.com/72a3nk8.jpeg
https://nng-phinf.pstatic.net/MjAyNDExMTlfMTA0/MDAxNzMyMDA0ODUwNDU0.spZdqdjd83k7t4JJKh_YkqqLwnx9quGGUl7fqaOo94Ag.Ono5H64oFA_9UIp2dbeCLmRQrXBgyjW3HblA__3T-rwg.PNG/%EC%B9%B4%EC%9A%B4%ED%84%B0_%EC%82%AC%EC%9D%B4%EB%93%9C_4%EC%BB%B7_016%ED%99%94.png?type=w1678
https://nng-phinf.pstatic.net/MjAyNDExMTlfMTUw/MDAxNzMyMDA0ODUzMDg5.P0fVhzdTfIcVeIf6BXjB1dq0SPtVWaoa-gtbsSrT8C0g.Ff7gkbwy-nbjhpPm5oYIDMGPqVPFlC7Q68F_Lhvgkt8g.PNG/016_%EC%A7%9C%EB%9D%BC%EC%8B%9C.png?type=w1678",,https://game.naver.com/lounge/COUNTERSIDE/board/detail/5135551
5093836,COUNTERSIDE,카운터사이드,24,공식 웹툰,[웹툰] ZL100 - Q.E.D 증명 완..료?,[웹툰] ZL100 - Q.E.D 증명 완..료_,GM 이수연,15,2024-11-13T14:00:40+09:00,2024-11-13T14:00:40+09:00,1582,3,29,0,False,json,,"https://i.imgur.com/72a3nk8.jpeg
https://i.imgur.com/kqH8v0T.jpeg
https://i.imgur.com/qBIHGKj.png",,https://game.naver.com/lounge/COUNTERSIDE/board/detail/5093836
4998566,COUNTERSIDE,카운터사이드,24,공식 웹툰,[웹툰] ZL100 - 도와줘요 제이시 워커!,[웹툰] ZL100 - 도와줘요 제이시 워커!,GM 이수연,15,2024-10-30T14:00:33+09:00,2024-10-30T14:00:33+09:00,2119,4,29,0,False,json,,"https://i.imgur.com/72a3nk8.jpeg
https://i.imgur.com/u4RZtSa.jpeg
https://i.imgur.com/bsS9PFX.png",,https://game.naver.com/lounge/COUNTERSIDE/board/detail/4998566
4954654,COUNTERSIDE,카운터사이드,24,공식 웹툰,[웹툰] ZL100 - 파이널 페이즈?,[웹툰] ZL100 - 파이널 페이즈_,GM 이수연,15,2024-10-23T14:00:35+09:00,2024-10-23T14:00:35+09:00,1765,4,27,0,False,json,,"https://i.imgur.com/72a3nk8.jpeg
https://i.imgur.com/E7cINat.jpeg
https://i.imgur.com/sEVcJhm.png",,https://game.naver.com/lounge/COUNTERSIDE/board/detail/4954654
4907826,COUNTERSIDE,카운터사이드,24,공식 웹툰,[웹툰] ZL100 - 백조의 건틀렛,[웹툰] ZL100 - 백조의 건틀렛,GM 이수연,15,2024-10-16T14:00:35+09:00,2024-10-16T14:00:35+09:00,1611,1,22,0,False,json,,"https://i.imgur.com/72a3nk8.jpeg
https://nng-phinf.pstatic.net/MjAyNDEwMTZfMjkw/MDAxNzI5MDQzMDUzMTc3.kwG3xLV0kgKmdfWd17sSzkcbSBu32ANJKzn5heXrO08g.e-ehuzRCRLN2y-GGxDEVbwXPek9aOo4-A-04P1qOUTYg.JPEG/re_ZL100_cswebtoon24.jpg?type=w1678
https://nng-phinf.pstatic.net/MjAyNDEwMTZfMjIx/MDAxNzI5MDQzMDUzMTU3.Wua_W37DJo5Ou_NXGi-XiSFuq1qG_8fiIFyAnVv1-t8g.ir4DlUA-gEeBtoQQtJsHfglZZ0zxz38LK-N_6PxLys4g.JPEG/re_ZL100_cswebtoon24-2.jpg?type=w1678",,https://game.naver.com/lounge/COUNTERSIDE/board/detail/4907826
4841915,COUNTERSIDE,카운터사이드,24,공식 웹툰,[웹툰] BLACHA - 캐스팅,[웹툰] BLACHA - 캐스팅,GM 이수연,15,2024-10-02T14:00:37+09:00,2024-10-02T14:00:37+09:00,2468,5,26,0,False,json,,"https://i.imgur.com/72a3nk8.jpeg
https://nng-phinf.pstatic.net/MjAyNDA5MzBfNDUg/MDAxNzI3NjkwNDkzNTQz.27EoOlQ7_Dr1Sqr8VucFDuylysOpBE-iFxv5OecwN8Eg.53155hNOH3RfOHnQNypg9hW9ndnDtunTGaess5OswsYg.PNG/%EC%B9%B4%EC%9A%B4%ED%84%B0_%EC%82%AC%EC%9D%B4%EB%93%9C_4%EC%BB%B7_015%ED%99%94_%EC%99%84%EC%84%B1%EB%B3%B8.png?type=w1678
https://nng-phinf.pstatic.net/MjAyNDA5MzBfMTMw/MDAxNzI3NjkwNDk2NDA2.C0x3EayB3BKhQ08Oxo4Hn5JgJq4u4fvLPF-zwB6MhXEg.nO_Rrf22mBtqY_PjJUKPl4dLaG1uKt-6FHYwwrcTECEg.PNG/015_%EC%A7%9C%EB%9D%BC%EC%8B%9C.png?type=w1678",,https://game.naver.com/lounge/COUNTERSIDE/board/detail/4841915
4813901,COUNTERSIDE,카운터사이드,24,공식 웹툰,[웹툰] ZL100 - 여행은 바루나 투어와 함께,[웹툰] ZL100 - 여행은 바루나 투어와 함께,GM 이수연,15,2024-09-25T14:00:32+09:00,2024-09-25T14:00:32+09:00,1638,5,25,0,False,json,,"https://i.imgur.com/72a3nk8.jpeg
https://i.imgur.com/nI2tRbb.jpeg
https://i.imgur.com/G5gzW1Q.png",,https://game.naver.com/lounge/COUNTERSIDE/board/detail/4813901
4712695,COUNTERSIDE,카운터사이드,24,공식 웹툰,[웹툰] ZL100 - 장비에 날개가 달린 것 같아요,[웹툰] ZL100 - 장비에 날개가 달린 것 같아요,GM 이수연,15,2024-09-04T14:00:38+09:00,2024-09-04T14:00:38+09:00,1841,6,25,0,False,json,,"https://i.imgur.com/72a3nk8.jpeg
https://nng-phinf.pstatic.net/MjAyNDA5MDNfMjg5/MDAxNzI1MzU4MDUzNDQ2.ytMpGbP2MfTnrxq_cU9OKwRG3npCYGU2wBDX50O4hU4g.Ko-N8fD4pO2vEamH5luGkh-enblnCginAPvKyZvoGUAg.JPEG/re_ZL100_cswebtoon22.jpg?type=w1678
https://nng-phinf.pstatic.net/MjAyNDA5MDNfMTEg/MDAxNzI1MzU4MDUzNDUy.pLelRGZqAOTpuuTOkEHyd2IxehcqyvXyl6TEYisvNiog.y1K0HXBVKj5l8yqtz92Q54890FjYQ9FdD5QUq_l-dvYg.JPEG/re_ZL100_cswebtoon22-2.jpg?type=w1678",,https://game.naver.com/lounge/COUNTERSIDE/board/detail/4712695
4638339,COUNTERSIDE,카운터사이드,24,공식 웹툰,[웹툰] ZL100 - 그런 말은 하지 말아야 했는데,[웹툰] ZL100 - 그런 말은 하지 말아야 했는데,GM 이수연,15,2024-08-21T14:00:36+09:00,2024-08-21T14:52:57+09:00,2107,5,33,0,False,json,,"https://i.imgur.com/72a3nk8.jpeg
https://i.imgur.com/rlNwixv.jpeg
https://i.imgur.com/inOfx8b.png",,https://game.naver.com/lounge/COUNTERSIDE/board/detail/4638339
4603238,COUNTERSIDE,카운터사이드,24,공식 웹툰,[웹툰] BLACHA - 해변,[웹툰] BLACHA - 해변,GM 이수연,15,2024-08-14T14:00:35+09:00,2024-08-14T14:00:35+09:00,2898,11,31,0,False,json,,"https://i.imgur.com/72a3nk8.jpeg
https://nng-phinf.pstatic.net/MjAyNDA4MTNfMTc2/MDAxNzIzNTM4Mzg1OTEz.4rYHSqYWA21iMXY9tgbVfXvXWdmVv3oZdZ-k5pteiGUg.eJIeGrxdOUPpB4xcELMph7EBD9ai6BoYZxGTjMsvIxAg.PNG/%EC%B9%B4%EC%9A%B4%ED%84%B0_%EC%82%AC%EC%9D%B4%EB%93%9C_4%EC%BB%B7_014%ED%99%94_%EC%99%84%EC%84%B1%EB%B3%B82.png?type=w1678
https://nng-phinf.pstatic.net/MjAyNDA4MTNfNzMg/MDAxNzIzNTM4Mzg1ODgx.sH3xNor5ggoyR51bMHBZzmE_G_Ip1JLuGIly7oy_oaEg.GzpBpSfKyETuMbC5LYAfhcuUqNG0xTShzfXB83Qyhfog.PNG/014_%EC%A7%9C%EB%9D%BC%EC%8B%9C.png?type=w1678",,https://game.naver.com/lounge/COUNTERSIDE/board/detail/4603238
4569545,COUNTERSIDE,카운터사이드,24,공식 웹툰,[웹툰] ZL100 - 건틀렛 팝업스토어,[웹툰] ZL100 - 건틀렛 팝업스토어,GM 이수연,15,2024-08-07T14:00:38+09:00,2024-08-07T14:00:38+09:00,1788,4,22,0,False,json,,"https://i.imgur.com/72a3nk8.jpeg
https://i.imgur.com/r0F89Gc.jpeg
https://i.imgur.com/HV8mF2x.jpeg",,https://game.naver.com/lounge/COUNTERSIDE/board/detail/4569545
4500466,COUNTERSIDE,카운터사이드,24,공식 웹툰,[웹툰] ZL100 - 아직 한 발 남았습니다,[웹툰] ZL100 - 아직 한 발 남았습니다,GM 이수연,15,2024-07-24T14:00:31+09:00,2024-07-24T14:00:31+09:00,1939,3,22,0,False,json,,"https://i.imgur.com/72a3nk8.jpeg
https://i.imgur.com/nJe1CPD.jpeg
https://i.imgur.com/IqQbJvm.jpeg",,https://game.naver.com/lounge/COUNTERSIDE/board/detail/4500466
4462172,COUNTERSIDE,카운터사이드,24,공식 웹툰,[웹툰] 순수한 불순물 - 걸즈토크,[웹툰] 순수한 불순물 - 걸즈토크,GM 이수연,15,2024-07-17T14:00:39+09:00,2024-07-17T14:00:39+09:00,2117,4,26,0,False,json,,"https://i.imgur.com/DeNjLjn.jpeg
https://i.imgur.com/LjChnbS.jpeg",,https://game.naver.com/lounge/COUNTERSIDE/board/detail/4462172
4410857,COUNTERSIDE,카운터사이드,24,공식 웹툰,[웹툰] ZL100 - 정령님의 출격 가호?,[웹툰] ZL100 - 정령님의 출격 가호_,GM 이수연,15,2024-07-10T14:00:41+09:00,2024-07-10T14:00:41+09:00,2063,5,25,0,False,json,,"https://i.imgur.com/DduZRI7.jpeg
https://i.imgur.com/ezDXBU9.jpeg
https://i.imgur.com/M03pnSd.jpeg",,https://game.naver.com/lounge/COUNTERSIDE/board/detail/4410857
4360512,COUNTERSIDE,카운터사이드,24,공식 웹툰,[웹툰] MMM - 건틀렛 리그 톺아보기,[웹툰] MMM - 건틀렛 리그 톺아보기,GM 이수연,15,2024-07-03T14:00:38+09:00,2024-07-03T14:00:38+09:00,5114,12,31,1,False,json,,"https://i.imgur.com/DduZRI7.jpeg
https://i.imgur.com/8DNbV6Q.jpeg
https://i.imgur.com/VzEeAai.jpeg
https://i.imgur.com/cas6cCi.jpeg
https://i.imgur.com/WyB5fkc.jpeg
https://i.imgur.com/DGsko9a.jpeg
https://i.imgur.com/1awy0rd.jpeg
https://i.imgur.com/KeIoJzL.jpeg
https://i.imgur.com/AeI1BsO.jpeg
https://i.imgur.com/hLHcUDI.png
https://i.imgur.com/WNhzm6b.jpeg
https://i.imgur.com/aCGPNEd.jpeg",,https://game.naver.com/lounge/COUNTERSIDE/board/detail/4360512
4302329,COUNTERSIDE,카운터사이드,24,공식 웹툰,[웹툰] ZL100 - 오퍼레이터 비비안 교관님,[웹툰] ZL100 - 오퍼레이터 비비안 교관님,GM 이수연,15,2024-06-26T14:00:34+09:00,2024-06-26T14:00:34+09:00,1898,4,23,0,False,json,,"https://i.imgur.com/DduZRI7.jpeg
https://i.imgur.com/ecHg2qD.jpeg
https://i.imgur.com/gaH7Rqe.jpeg",,https://game.naver.com/lounge/COUNTERSIDE/board/detail/4302329
4262831,COUNTERSIDE,카운터사이드,24,공식 웹툰,[웹툰] BLACHA - 만취,[웹툰] BLACHA - 만취,GM 이수연,15,2024-06-19T14:00:34+09:00,2024-06-19T14:00:34+09:00,2634,5,21,0,False,json,,"https://i.imgur.com/DduZRI7.jpeg
https://i.imgur.com/Jz3hInu.jpeg
https://i.imgur.com/8usg4PC.jpeg",,https://game.naver.com/lounge/COUNTERSIDE/board/detail/4262831
4227092,COUNTERSIDE,카운터사이드,24,공식 웹툰,[웹툰] ZL100 - BAN,[웹툰] ZL100 - BAN,GM 이수연,15,2024-06-12T14:00:36+09:00,2024-06-12T14:00:36+09:00,2197,4,22,0,False,json,,"https://i.imgur.com/DduZRI7.jpeg
https://i.imgur.com/wKCHcZg.jpeg
https://i.imgur.com/aPs6jSK.jpeg",,https://game.naver.com/lounge/COUNTERSIDE/board/detail/4227092
4189053,COUNTERSIDE,카운터사이드,24,공식 웹툰,[웹툰] 순수한 불순물 - 불꽃놀이 보여 줄게요,[웹툰] 순수한 불순물 - 불꽃놀이 보여 줄게요,GM 이수연,15,2024-06-05T14:00:38+09:00,2024-06-05T14:00:38+09:00,1736,3,20,0,False,json,,"https://i.imgur.com/DduZRI7.jpeg
https://i.imgur.com/VJa2FyX.jpeg",,https://game.naver.com/lounge/COUNTERSIDE/board/detail/4189053
4150966,COUNTERSIDE,카운터사이드,24,공식 웹툰,[웹툰] ZL100 - 일일 코치 에리어스!,[웹툰] ZL100 - 일일 코치 에리어스!,GM 이수연,15,2024-05-29T14:00:33+09:00,2024-05-29T14:00:33+09:00,1965,5,25,0,False,json,,"https://i.imgur.com/DduZRI7.jpeg
https://i.imgur.com/N92pwaB.jpeg
https://i.imgur.com/lBHffUK.jpeg",,https://game.naver.com/lounge/COUNTERSIDE/board/detail/4150966
4110203,COUNTERSIDE,카운터사이드,24,공식 웹툰,[웹툰] ZL100 - 잠이 들지 않는 건틀렛,[웹툰] ZL100 - 잠이 들지 않는 건틀렛,GM 이수연,15,2024-05-22T12:00:38+09:00,2024-05-22T12:00:38+09:00,1965,2,23,0,False,json,,"https://i.imgur.com/DduZRI7.jpeg
https://i.imgur.com/Mz1z89e.jpeg
https://i.imgur.com/R0cvMrL.jpeg",,https://game.naver.com/lounge/COUNTERSIDE/board/detail/4110203
4068218,COUNTERSIDE,카운터사이드,24,공식 웹툰,[웹툰] BLACHA - 수면,[웹툰] BLACHA - 수면,GM 이수연,15,2024-05-15T14:00:39+09:00,2024-05-15T14:00:39+09:00,2714,9,25,0,False,json,,"https://i.imgur.com/DduZRI7.jpeg
https://i.imgur.com/7tBfUG3.jpeg
https://i.imgur.com/1t5O77Z.jpeg",,https://game.naver.com/lounge/COUNTERSIDE/board/detail/4068218
4028663,COUNTERSIDE,카운터사이드,24,공식 웹툰,[웹툰] ZL100 - 지평선에 닿으려는 고양이를 위한 안내서,[웹툰] ZL100 - 지평선에 닿으려는 고양이를 위한 안내서,GM 이수연,15,2024-05-08T14:00:33+09:00,2024-05-08T14:00:33+09:00,2317,8,27,0,False,json,,"https://i.imgur.com/DduZRI7.jpeg
https://i.imgur.com/6Tte5Et.jpeg
https://i.imgur.com/POqKS5J.jpeg",,https://game.naver.com/lounge/COUNTERSIDE/board/detail/4028663
3995261,COUNTERSIDE,카운터사이드,24,공식 웹툰,[웹툰] windy - 졸업,[웹툰] windy - 졸업,GM 이수연,15,2024-05-01T14:00:35+09:00,2024-05-01T14:00:35+09:00,2710,15,40,0,False,json,,"https://i.imgur.com/p17cvXX.jpeg
https://i.imgur.com/stCuKig.jpeg",,https://game.naver.com/lounge/COUNTERSIDE/board/detail/3995261
3964525,COUNTERSIDE,카운터사이드,24,공식 웹툰,[웹툰] 순수한 불순물 - 스피드 레이서,[웹툰] 순수한 불순물 - 스피드 레이서,GM 이수연,15,2024-04-24T14:00:32+09:00,2024-04-24T14:00:32+09:00,1847,8,23,0,False,json,,"https://i.imgur.com/7ak5jKw.jpeg
https://i.imgur.com/z4UhQeu.jpeg",,https://game.naver.com/lounge/COUNTERSIDE/board/detail/3964525
3928875,COUNTERSIDE,카운터사이드,24,공식 웹툰,[웹툰] ZL100 - 강습! 파사의 추격전대,[웹툰] ZL100 - 강습! 파사의 추격전대,GM 이수연,15,2024-04-17T14:00:42+09:00,2024-04-17T14:00:42+09:00,2284,6,30,0,False,json,,"https://i.imgur.com/p17cvXX.jpeg
https://i.imgur.com/WvWVtAd.jpeg
https://i.imgur.com/oJherGF.jpeg",,https://game.naver.com/lounge/COUNTERSIDE/board/detail/3928875
3895532,COUNTERSIDE,카운터사이드,24,공식 웹툰,[웹툰] BLACHA - 탕비실,[웹툰] BLACHA - 탕비실,GM 이수연,15,2024-04-10T14:00:33+09:00,2024-04-10T14:00:33+09:00,2691,4,34,0,False,json,,"https://i.imgur.com/juQlPWA.jpeg
https://i.imgur.com/H8c4662.jpeg
https://i.imgur.com/kFbiS3i.jpeg",,https://game.naver.com/lounge/COUNTERSIDE/board/detail/3895532
3862736,COUNTERSIDE,카운터사이드,24,공식 웹툰,[웹툰] ZL100 - 돌아온 건틀렛의 탕아,[웹툰] ZL100 - 돌아온 건틀렛의 탕아,GM 이수연,15,2024-04-03T14:00:34+09:00,2024-04-03T14:00:34+09:00,2334,5,23,0,False,json,,"https://i.imgur.com/ovEwnkO.jpeg
https://i.imgur.com/60RNa22.jpeg
https://i.imgur.com/Az63qz8.jpeg",,https://game.naver.com/lounge/COUNTERSIDE/board/detail/3862736
3829988,COUNTERSIDE,카운터사이드,24,공식 웹툰,[웹툰] windy - 최애의 예하,[웹툰] windy - 최애의 예하,GM 이수연,15,2024-03-27T14:00:32+09:00,2024-03-27T14:00:32+09:00,2648,12,25,0,False,json,,"https://i.imgur.com/ovEwnkO.jpeg
https://i.imgur.com/lMQbg6D.jpeg",,https://game.naver.com/lounge/COUNTERSIDE/board/detail/3829988
3782150,COUNTERSIDE,카운터사이드,24,공식 웹툰,[웹툰] ZL100 - 디펜더의 특징은 말이지,[웹툰] ZL100 - 디펜더의 특징은 말이지,GM 이수연,15,2024-03-20T14:00:31+09:00,2024-03-20T14:00:31+09:00,2398,4,28,0,False,json,,"https://i.imgur.com/ovEwnkO.jpeg
https://i.imgur.com/W4z0xKD.jpeg
https://i.imgur.com/GNrQmTA.jpeg",,https://game.naver.com/lounge/COUNTERSIDE/board/detail/3782150
3735543,COUNTERSIDE,카운터사이드,24,공식 웹툰,[웹툰] 순수한 불순물 - 여긴 어디?,[웹툰] 순수한 불순물 - 여긴 어디_,GM 이수연,15,2024-03-13T12:00:37+09:00,2024-03-13T12:00:37+09:00,2098,6,26,0,False,json,,"https://i.imgur.com/ovEwnkO.jpg
https://i.imgur.com/wqdA2xV.jpeg",,https://game.naver.com/lounge/COUNTERSIDE/board/detail/3735543
3695575,COUNTERSIDE,카운터사이드,24,공식 웹툰,"[웹툰] ZL100 - 전진출격, 시동 걸었습니다~","[웹툰] ZL100 - 전진출격, 시동 걸었습니다~",GM 이수연,15,2024-03-06T14:00:31+09:00,2024-03-06T14:22:04+09:00,2552,4,37,0,False,json,,"https://i.imgur.com/ovEwnkO.jpg
https://i.imgur.com/Bg0mwAD.jpeg
https://i.imgur.com/hXxW6lo.jpeg",,https://game.naver.com/lounge/COUNTERSIDE/board/detail/3695575
3654616,COUNTERSIDE,카운터사이드,24,공식 웹툰,[웹툰] ZL100 - 얼어붙은 감정의 소유자,[웹툰] ZL100 - 얼어붙은 감정의 소유자,GM 이수연,15,2024-02-28T14:00:37+09:00,2024-02-28T14:00:37+09:00,2588,8,29,0,False,json,,"https://i.imgur.com/ovEwnkO.jpg
https://i.imgur.com/kRokOvy.jpeg
https://i.imgur.com/foVRqga.jpeg",,https://game.naver.com/lounge/COUNTERSIDE/board/detail/3654616
3587671,COUNTERSIDE,카운터사이드,24,공식 웹툰,[웹툰] ZL100 - 함선을 정지합니다,[웹툰] ZL100 - 함선을 정지합니다,GM 이수연,15,2024-02-14T14:00:38+09:00,2024-02-14T14:00:38+09:00,2589,5,30,0,False,json,,"https://i.imgur.com/ovEwnkO.jpg
https://i.imgur.com/NgKfH8H.jpeg
https://i.imgur.com/G458wSa.jpeg",,https://game.naver.com/lounge/COUNTERSIDE/board/detail/3587671
3545162,COUNTERSIDE,카운터사이드,24,공식 웹툰,[웹툰] BLACHA - 드라마,[웹툰] BLACHA - 드라마,GM 이수연,15,2024-02-07T14:00:38+09:00,2024-02-08T10:43:47+09:00,3215,6,27,0,False,json,,"https://i.imgur.com/ovEwnkO.jpg
https://i.imgur.com/6lqvqaU.jpg
https://i.imgur.com/H23eBIh.jpg",,https://game.naver.com/lounge/COUNTERSIDE/board/detail/3545162
3512393,COUNTERSIDE,카운터사이드,24,공식 웹툰,[웹툰] ZL100 - SOLDIEЯ:SIDE,[웹툰] ZL100 - SOLDIEЯ_SIDE,GM 이수연,15,2024-01-31T14:00:32+09:00,2024-01-31T14:00:32+09:00,3094,4,39,0,False,json,,"https://nng-phinf.pstatic.net/MjAyNDAxMzFfOTQg/MDAxNzA2NjY5ODgyNzg4.wtJl6ytuBSPzUv6j0GHQvfFhx-sRIPm838dPxbQWe5kg.7_tLEacRJUIMZjesIq5JWArb03-zQPWwUSMNK-KM7Jkg.JPEG/%EB%84%A4%EC%9D%B4%EB%B2%84_%EB%9D%BC%EC%9A%B4%EC%A7%80%EC%8D%B8%EB%84%A4%EC%9D%BC_%EA%B3%B5%EC%8B%9D%EC%9B%B9%ED%88%B0_960x540.jpg?type=w1678
https://i.imgur.com/7TOkRre.jpg
https://i.imgur.com/C62EMTr.jpg",,https://game.naver.com/lounge/COUNTERSIDE/board/detail/3512393
3480613,COUNTERSIDE,카운터사이드,24,공식 웹툰,[웹툰] windy - 전대장님은 요리사,[웹툰] windy - 전대장님은 요리사,GM 이수연,15,2024-01-24T14:00:35+09:00,2024-01-24T14:00:35+09:00,2637,13,36,0,False,json,,"https://i.imgur.com/ovEwnkO.jpg
https://i.imgur.com/jz8lZcA.jpg",,https://game.naver.com/lounge/COUNTERSIDE/board/detail/3480613
3447437,COUNTERSIDE,카운터사이드,24,공식 웹툰,[웹툰] BLACHA - 문어,[웹툰] BLACHA - 문어,GM 이수연,15,2024-01-17T14:00:35+09:00,2024-01-17T14:00:35+09:00,2913,9,25,0,False,json,,"https://i.imgur.com/ovEwnkO.jpg
https://i.imgur.com/Ih1YRNb.jpg
https://i.imgur.com/XFRGv6Z.jpg",,https://game.naver.com/lounge/COUNTERSIDE/board/detail/3447437
3408055,COUNTERSIDE,카운터사이드,24,공식 웹툰,[웹툰] windy - 해변의 바텐더,[웹툰] windy - 해변의 바텐더,GM 이수연,15,2024-01-10T14:00:32+09:00,2024-01-10T14:00:32+09:00,2200,6,33,0,False,json,,"https://i.imgur.com/ovEwnkO.jpg
https://i.imgur.com/GZWAuSe.jpg",,https://game.naver.com/lounge/COUNTERSIDE/board/detail/3408055
3376678,COUNTERSIDE,카운터사이드,24,공식 웹툰,[웹툰] ZL100 - 건틀렛★슬레이어,[웹툰] ZL100 - 건틀렛★슬레이어,GM 이수연,15,2024-01-03T14:00:37+09:00,2024-01-03T15:36:21+09:00,2773,9,37,0,False,json,,"https://nng-phinf.pstatic.net/MjAyNDAxMDNfNzAg/MDAxNzA0MjU4MzM4NDE1.E3Y7wme0sUljrT_CtkfdChwak6NJ56zOUpPijN6ZMx4g.COVDS7MHB-z3-WUfAnWoBZDnOilLw-GNYwP-tg8Z-N0g.JPEG/%EB%84%A4%EC%9D%B4%EB%B2%84_%EB%9D%BC%EC%9A%B4%EC%A7%80%EC%8D%B8%EB%84%A4%EC%9D%BC_%EA%B3%B5%EC%8B%9D%EC%9B%B9%ED%88%B0_960x540.jpg?type=w1678
https://i.imgur.com/1soKEnt.jpg
https://i.imgur.com/bfxXXxP.jpg",,https://game.naver.com/lounge/COUNTERSIDE/board/detail/3376678
3343643,COUNTERSIDE,카운터사이드,24,공식 웹툰,[웹툰] windy - 기사의 마음가짐,[웹툰] windy - 기사의 마음가짐,GM 이수연,15,2023-12-27T15:00:50+09:00,2023-12-27T15:00:50+09:00,2370,6,30,0,False,json,,https://nng-phinf.pstatic.net/MjAyMzEyMjdfMjEg/MDAxNzAzNjU2NzIwOTUw.5L0_O_6iEZ04xXxFQdpL2qaxu_KjDjb_3oV-2OFuWcIg.gN8gHgNSDgtirX0jha48SOrBD_Nl_-FHoS_BaC4WT2Mg.PNG/37%ED%99%94_%EC%88%98%EC%A0%95_231031_PNG.png?type=w1678,,https://game.naver.com/lounge/COUNTERSIDE/board/detail/3343643
3306430,COUNTERSIDE,카운터사이드,24,공식 웹툰,[웹툰] ZL100 - 탕진잼 탕진잼~,[웹툰] ZL100 - 탕진잼 탕진잼~,GM 이수연,15,2023-12-20T14:00:32+09:00,2023-12-20T14:00:32+09:00,2879,8,31,0,False,json,,"https://i.imgur.com/yBfi7nF.jpg
https://i.imgur.com/22dSWh3.jpg",,https://game.naver.com/lounge/COUNTERSIDE/board/detail/3306430
3271056,COUNTERSIDE,카운터사이드,24,공식 웹툰,[웹툰] MMM - 방과 후 맛집 탐방 동아리!,[웹툰] MMM - 방과 후 맛집 탐방 동아리!,GM 이수연,15,2023-12-13T14:00:31+09:00,2023-12-13T14:00:31+09:00,24675,32,84,0,False,json,,"https://i.imgur.com/GXhliEy.jpg
https://i.imgur.com/Yh1VdSi.jpg
https://i.imgur.com/ZXjthVm.jpg
https://i.imgur.com/d7YMKOa.jpg
https://i.imgur.com/T4GiMGL.jpg
https://i.imgur.com/t0RaVlZ.jpg
https://i.imgur.com/hTPOYgY.jpg
https://i.imgur.com/i28y2fn.jpg
https://i.imgur.com/MrZkQsN.jpg
https://i.imgur.com/RrpPGf6.jpg
https://i.imgur.com/brXIpLG.png
https://i.imgur.com/ROGERMj.png
https://i.imgur.com/up6iozN.jpg
https://i.imgur.com/epmS6rM.jpg
https://i.imgur.com/EGORvoR.jpg
https://i.imgur.com/EISFkm5.jpg
https://i.imgur.com/JeWkogy.png
https://i.imgur.com/Agu5GO9.jpg
https://i.imgur.com/ZkMCkP4.jpg",,https://game.naver.com/lounge/COUNTERSIDE/board/detail/3271056
3223645,COUNTERSIDE,카운터사이드,24,공식 웹툰,[웹툰] ZL100 - 아빠! 나도 해볼래!,[웹툰] ZL100 - 아빠! 나도 해볼래!,GM 이수연,15,2023-12-06T14:00:32+09:00,2023-12-06T14:00:32+09:00,3096,9,35,1,False,json,,"https://i.imgur.com/6dOXpAm.jpg
https://i.imgur.com/u9CIRW9.png",,https://game.naver.com/lounge/COUNTERSIDE/board/detail/3223645
3188524,COUNTERSIDE,카운터사이드,24,공식 웹툰,[웹툰] windy - 마법의 안대,[웹툰] windy - 마법의 안대,GM 이수연,15,2023-11-29T14:00:34+09:00,2023-11-29T14:00:34+09:00,2079,3,27,0,False,json,,https://i.imgur.com/rHA3j33.jpg,,https://game.naver.com/lounge/COUNTERSIDE/board/detail/3188524
3149314,COUNTERSIDE,카운터사이드,24,공식 웹툰,[웹툰] ZL100 - 현장 중계... 시작할게요...!,[웹툰] ZL100 - 현장 중계... 시작할게요...!,GM 이수연,15,2023-11-22T14:00:39+09:00,2023-11-22T15:03:17+09:00,2396,5,26,0,False,json,,"https://i.imgur.com/yJdwQEx.jpg
https://i.imgur.com/VOozd3h.jpg",,https://game.naver.com/lounge/COUNTERSIDE/board/detail/3149314
3104042,COUNTERSIDE,카운터사이드,24,공식 웹툰,[웹툰] windy - 노는 게 제일 좋아!,[웹툰] windy - 노는 게 제일 좋아!,GM 이수연,15,2023-11-15T14:00:34+09:00,2023-11-15T14:00:34+09:00,1839,4,25,0,False,json,,https://i.imgur.com/3bC3xU6.jpg,,https://game.naver.com/lounge/COUNTERSIDE/board/detail/3104042
3061040,COUNTERSIDE,카운터사이드,24,공식 웹툰,"[웹툰] ZL100 - 감당할 수 있나, 볼까?","[웹툰] ZL100 - 감당할 수 있나, 볼까_",GM 이수연,15,2023-11-08T14:00:33+09:00,2023-11-08T18:21:19+09:00,3284,5,35,0,False,json,,"https://nng-phinf.pstatic.net/MjAyMzExMDhfMjY0/MDAxNjk5NDA5MDk5MzEw.JEI0-SqSMJgEYxGSl5qa0WnRH9fcxu-h_HM6NTnTrJgg.VVWf_wevZfqDKk7FuRzMjgLsrNBy5pj6Orv5v86zvSMg.PNG/ZL100_cswebtoon1.png?type=w1678
https://nng-phinf.pstatic.net/MjAyMzExMDhfMjI2/MDAxNjk5NDA5MDk3MDc2.sGxbrwreVG2qSy-AHTYTsqRphCTdSWRPiNI_7pKyjJsg.Gf-WhEpDhE0twfWbJCk7a65lgfsUBGk-vcPB6Q8ajg0g.PNG/ZL100_cswebtoon1-2.png?type=w1678",,https://game.naver.com/lounge/COUNTERSIDE/board/detail/3061040
3005566,COUNTERSIDE,카운터사이드,24,공식 웹툰,[웹툰] windy - 용병의 준비물,[웹툰] windy - 용병의 준비물,GM 이수연,15,2023-11-01T14:21:16+09:00,2023-11-01T14:21:16+09:00,2117,4,32,0,False,json,,https://i.imgur.com/EhW8Sen.png,,https://game.naver.com/lounge/COUNTERSIDE/board/detail/3005566
2964761,COUNTERSIDE,카운터사이드,24,공식 웹툰,[웹툰] windy - 이미지 변신,[웹툰] windy - 이미지 변신,GM 이수연,15,2023-10-25T14:23:33+09:00,2023-10-25T14:23:33+09:00,2167,8,26,0,False,json,,https://i.imgur.com/t2sRHkD.png,,https://game.naver.com/lounge/COUNTERSIDE/board/detail/2964761
2922730,COUNTERSIDE,카운터사이드,24,공식 웹툰,[웹툰] 순수한 불순물 - 훈련은 꾸준히,[웹툰] 순수한 불순물 - 훈련은 꾸준히,GM 이수연,15,2023-10-18T14:00:34+09:00,2023-10-18T14:00:34+09:00,2304,7,30,1,False,json,,https://i.imgur.com/nNwqIaf.jpg,,https://game.naver.com/lounge/COUNTERSIDE/board/detail/2922730
2895642,COUNTERSIDE,카운터사이드,24,공식 웹툰,[웹툰] windy - 심리 테스트,[웹툰] windy - 심리 테스트,GM 이수연,15,2023-10-11T14:00:36+09:00,2023-10-11T14:00:36+09:00,1970,3,26,0,False,json,,https://i.imgur.com/6GpcjwB.jpg,,https://game.naver.com/lounge/COUNTERSIDE/board/detail/2895642
2870876,COUNTERSIDE,카운터사이드,24,공식 웹툰,[웹툰] BLACHA - 조깅,[웹툰] BLACHA - 조깅,GM 이수연,15,2023-10-04T14:00:38+09:00,2023-10-04T14:00:38+09:00,3371,11,32,0,False,json,,"https://i.imgur.com/3xqDoX2.jpg
https://i.imgur.com/LPBFf9c.jpg",,https://game.naver.com/lounge/COUNTERSIDE/board/detail/2870876
2842451,COUNTERSIDE,카운터사이드,24,공식 웹툰,[웹툰] windy - 스페셜 런치!,[웹툰] windy - 스페셜 런치!,GM 이수연,15,2023-09-27T14:00:31+09:00,2023-09-27T14:00:31+09:00,2182,2,26,0,False,json,,https://i.imgur.com/j2mgNWz.jpg,,https://game.naver.com/lounge/COUNTERSIDE/board/detail/2842451
2808083,COUNTERSIDE,카운터사이드,24,공식 웹툰,"[웹툰] windy - 여긴 어디, 나는 누구?","[웹툰] windy - 여긴 어디, 나는 누구_",GM 이수연,15,2023-09-20T14:00:35+09:00,2023-09-20T14:00:35+09:00,2396,3,27,0,False,json,,https://i.imgur.com/5ez2xTw.jpg,,https://game.naver.com/lounge/COUNTERSIDE/board/detail/2808083
2765479,COUNTERSIDE,카운터사이드,24,공식 웹툰,[웹툰] BLACHA - 보좌,[웹툰] BLACHA - 보좌,GM 이수연,15,2023-09-13T14:00:37+09:00,2023-09-13T14:00:37+09:00,5436,6,46,0,False,json,,"https://i.imgur.com/AtlBy63.jpg
https://i.imgur.com/y3uZV1D.jpg",,https://game.naver.com/lounge/COUNTERSIDE/board/detail/2765479
2735232,COUNTERSIDE,카운터사이드,24,공식 웹툰,[웹툰] windy - 우리가 남이가?,[웹툰] windy - 우리가 남이가_,GM 이수연,15,2023-09-06T14:00:32+09:00,2023-09-06T14:00:32+09:00,2655,2,31,0,False,json,,https://i.imgur.com/9WJOfM2.png,,https://game.naver.com/lounge/COUNTERSIDE/board/detail/2735232
2704379,COUNTERSIDE,카운터사이드,24,공식 웹툰,[웹툰] 순수한 불순물 - 예술적 표현,[웹툰] 순수한 불순물 - 예술적 표현,GM 이수연,15,2023-08-30T14:00:34+09:00,2023-08-30T17:42:12+09:00,3012,7,34,0,False,json,,https://i.imgur.com/OvC6JkV.jpg,,https://game.naver.com/lounge/COUNTERSIDE/board/detail/2704379
2667950,COUNTERSIDE,카운터사이드,24,공식 웹툰,[웹툰] windy - 쉬는 것도 중요해!,[웹툰] windy - 쉬는 것도 중요해!,GM 이수연,15,2023-08-23T14:00:38+09:00,2023-08-23T14:00:38+09:00,2749,8,30,0,False,json,,https://i.imgur.com/yKDSdj6.jpg,,https://game.naver.com/lounge/COUNTERSIDE/board/detail/2667950
2622383,COUNTERSIDE,카운터사이드,24,공식 웹툰,[웹툰] BLACHA - 선크림,[웹툰] BLACHA - 선크림,GM 이수연,15,2023-08-16T15:00:41+09:00,2023-08-18T16:32:29+09:00,3801,9,35,0,False,json,,"https://i.imgur.com/aJGJbBw.png
https://i.imgur.com/MujKSPw.png",,https://game.naver.com/lounge/COUNTERSIDE/board/detail/2622383
2554939,COUNTERSIDE,카운터사이드,24,공식 웹툰,[웹툰] windy - 비밀 낙서,[웹툰] windy - 비밀 낙서,GM 이수연,15,2023-08-09T15:00:37+09:00,2023-08-09T15:00:37+09:00,2609,5,35,0,False,json,,https://nng-phinf.pstatic.net/MjAyMzA4MDlfMjIx/MDAxNjkxNTYwNDYwODAw.ody6QLJd3T8_LrpcKfPRHyD2jmxZacZNmUr15yHOUJ4g.QtW97aKMC2pSPpRuh4HskvTm-th85lgCVj1bVpvmfccg.PNG/27%ED%99%94_%EC%99%84%EC%84%B1_230424_PNG.png?type=w1678,,https://game.naver.com/lounge/COUNTERSIDE/board/detail/2554939
2486717,COUNTERSIDE,카운터사이드,24,공식 웹툰,[웹툰] 순수한 불순물 - 가슴 속 추억,[웹툰] 순수한 불순물 - 가슴 속 추억,GM 이수연,15,2023-08-02T15:00:35+09:00,2023-08-02T15:00:35+09:00,2941,9,38,0,False,json,,https://i.imgur.com/yRzuiFh.jpg,,https://game.naver.com/lounge/COUNTERSIDE/board/detail/2486717
2436476,COUNTERSIDE,카운터사이드,24,공식 웹툰,[웹툰] MMM - 근무 중 이상 무,[웹툰] MMM - 근무 중 이상 무,GM 이수연,15,2023-07-26T14:00:32+09:00,2023-07-26T14:00:32+09:00,16959,15,53,0,False,json,,"https://i.imgur.com/9jXXg0M.jpg
https://i.imgur.com/7I07RUQ.jpg
https://i.imgur.com/8dzn0ws.jpg
https://i.imgur.com/XCvDVFW.jpg
https://i.imgur.com/KRWlQ8b.jpg
https://i.imgur.com/fQR4uXG.jpg
https://i.imgur.com/KgPD5Rk.png
https://i.imgur.com/5jUmM2v.jpg
https://i.imgur.com/lIHrea8.png
https://i.imgur.com/x12eDRb.jpg
https://i.imgur.com/UjjJn0H.jpg
https://i.imgur.com/NJlRm17.jpg",,https://game.naver.com/lounge/COUNTERSIDE/board/detail/2436476
2390832,COUNTERSIDE,카운터사이드,24,공식 웹툰,"[웹툰] windy - 모으자, 펜릴!","[웹툰] windy - 모으자, 펜릴!",GM 이수연,15,2023-07-19T15:00:38+09:00,2023-07-19T15:00:38+09:00,2875,9,25,0,False,json,,https://nng-phinf.pstatic.net/MjAyMzA3MTlfMzgg/MDAxNjg5NzMyNzA1NzQ3.ecM_1TkM2ZIA0u-KOcz5OlC4Xfx847DIc5tFo7xBOY8g.XXcpotRnOY-W4z8S40crDHDpdPEPs7wdRIpPm-CVkh8g.PNG/26%ED%99%94_%EC%99%84%EC%84%B1_230410_PNG.png?type=w1678,,https://game.naver.com/lounge/COUNTERSIDE/board/detail/2390832
2360049,COUNTERSIDE,카운터사이드,24,공식 웹툰,[웹툰] windy - 양자택일?,[웹툰] windy - 양자택일_,GM 이수연,15,2023-07-12T15:00:41+09:00,2023-07-12T15:00:41+09:00,2550,4,26,0,False,json,,https://nng-phinf.pstatic.net/MjAyMzA3MTJfMTE4/MDAxNjg5MTQwMzEzNjU2.y0mS_Ao4gkjYOhS8nq766jah02PWSs91JideuqowY9kg.moQW90rS1aApFqlb0zmOGswXH6JO4xb89X6hA7PWrJIg.PNG/25%ED%99%94_%EC%99%84%EC%84%B1_230327_PNG.png?type=w1678,,https://game.naver.com/lounge/COUNTERSIDE/board/detail/2360049
2325722,COUNTERSIDE,카운터사이드,24,공식 웹툰,[웹툰] BLACHA - 프라모델,[웹툰] BLACHA - 프라모델,GM 이수연,15,2023-07-05T15:00:34+09:00,2023-07-05T15:00:34+09:00,3722,9,34,0,False,json,,"https://nng-phinf.pstatic.net/MjAyMzA3MDVfMTM0/MDAxNjg4NTI1Nzg4OTMw.z7MXMM_kwV99wGI1lDI88rFwBoqxpL-2j3juIEtE46Yg.4-4TJi50CoEgNuMG0CoOUiM07BubBBL7XS2dj6H2dTMg.PNG/%EC%B9%B4%EC%9A%B4%ED%84%B0%EC%82%AC%EC%9D%B4%EB%93%9C_005%ED%99%94_%ED%9B%84%EB%B3%B4%EC%A0%95.png?type=w1678
https://nng-phinf.pstatic.net/MjAyMzA3MDVfMjUx/MDAxNjg4NTI1Nzg4ODYx.NZR_sblLC-y5Pi4wb-V7Nq64SFwzCcoVfHvgSFk1jIgg.3uVT-wztuMjgYtDIVmiOYLUkfcRYlw4G93-c0ydHHNsg.PNG/005_%EC%A7%9C%EB%9D%BC%EC%8B%9C.png?type=w1678",,https://game.naver.com/lounge/COUNTERSIDE/board/detail/2325722
2282638,COUNTERSIDE,카운터사이드,24,공식 웹툰,[웹툰] windy - 블루 블러드,[웹툰] windy - 블루 블러드,GM 이수연,15,2023-06-28T15:00:36+09:00,2023-06-28T15:00:36+09:00,2577,5,27,1,False,json,,https://nng-phinf.pstatic.net/MjAyMzA2MjhfMjQ3/MDAxNjg3OTIwNDE0MjM3.hnivuqJlYWu6B6vSR49qPCIj0Z2IoQUG6NCDb--7iKIg.8kYTdQ2KXv0LM0juKeNIngbIorkKVOg0W2jZqoMEO4gg.PNG/24%ED%99%94.png?type=w1678,,https://game.naver.com/lounge/COUNTERSIDE/board/detail/2282638
2233278,COUNTERSIDE,카운터사이드,24,공식 웹툰,[웹툰] MMST - 인터넷 유행어,[웹툰] MMST - 인터넷 유행어,GM 이수연,15,2023-06-21T15:00:34+09:00,2023-06-21T15:00:34+09:00,3190,6,31,0,False,json,,https://nng-phinf.pstatic.net/MjAyMzA2MjFfMjc1/MDAxNjg3MzExMDgxNTMz.lbQej7Sq1_AjB7iToddsAB29OkGIjxdTOwiJXM15vsEg.KWm98edn4PIF5fcvkxAVoazGDFiSQKUBK34j8nr7g7wg.PNG/5%ED%9A%8C_%EC%9D%B8%ED%84%B0%EB%84%B7_%EC%9C%A0%ED%96%89%EC%96%B4_%EC%99%84%EC%84%B1%EB%B3%B8.png?type=w1678,,https://game.naver.com/lounge/COUNTERSIDE/board/detail/2233278
2184943,COUNTERSIDE,카운터사이드,24,공식 웹툰,[웹툰] WINDY - 나나하라 패션쇼,[웹툰] WINDY - 나나하라 패션쇼,GM 이수연,15,2023-06-14T15:00:40+09:00,2023-06-14T15:00:40+09:00,2693,8,24,0,False,json,,https://nng-phinf.pstatic.net/MjAyMzA2MTRfOTAg/MDAxNjg2NzEwNjE0NjU5._tgXWB_IKsY81i_t7Dh36-mL4wZCT1S6Xe0uKaH-tNcg.rsYkANb9i8QB8oo4AByidG2QuudPnwOu2RIkmSL3ui8g.PNG/23%ED%99%94_%EC%99%84%EC%84%B1_230227_PNG.png?type=w1678,,https://game.naver.com/lounge/COUNTERSIDE/board/detail/2184943
2083112,COUNTERSIDE,카운터사이드,24,공식 웹툰,[웹툰] BLACHA - 트윈테일,[웹툰] BLACHA - 트윈테일,GM 이수연,15,2023-06-07T15:00:35+09:00,2023-06-09T10:06:37+09:00,4458,13,42,1,False,json,,"https://nng-phinf.pstatic.net/MjAyMzA2MDhfMjg5/MDAxNjg2MTg3NTkwNzg2.t_yv94ARHd1MWUYapUM4aHQvwB7HCf3eBZjfZeGf8u0g.F8kec1ty39k89AvqfBeS5zCj-KST8TR8Y6lTV3DxskIg.PNG/%EC%B9%B4%EC%9A%B4%ED%84%B0%EC%82%AC%EC%9D%B4%EB%93%9C_004%ED%99%94_%ED%9B%84%EB%B3%B4%EC%A0%95.png?type=w1678
https://nng-phinf.pstatic.net/MjAyMzA2MDlfMTY4/MDAxNjg2MjcyNzkxMjEz.g_HABUQTPp9r9erjIKYmqwF8omjVbCJ06eCTk_waE2wg.Wsr0iPE_YZ8WRVoaHIiIVo6SMu_E0zi-cwohSUtYtw4g.PNG/004_%EC%A7%9C%EB%9D%BC%EC%8B%9C.png?type=w1678",,https://game.naver.com/lounge/COUNTERSIDE/board/detail/2083112
2048262,COUNTERSIDE,카운터사이드,24,공식 웹툰,[웹툰] 네모가 - 강제휴가,[웹툰] 네모가 - 강제휴가,GM 이수연,15,2023-05-31T15:00:31+09:00,2023-05-31T16:42:52+09:00,4881,11,31,0,False,json,,"https://nng-phinf.pstatic.net/MjAyMzA1MzFfMTg3/MDAxNjg1NTE4OTY2MTY2.uEel2jaaqt5uJXkZOJzlElMPa1-KdNUQvbjiGTe9s1Mg.jUeSkCTpbAY5-2cX-bpCAGYsIbUkjrHyHLv7hjohoTQg.JPEG/20%ED%99%94_%EC%9B%90%EA%B3%A0_%EC%98%A4%ED%83%80%EC%88%98%EC%A0%95.jpg?type=w1678
https://nng-phinf.pstatic.net/MjAyMzA1MzBfNjIg/MDAxNjg1NDM0NzQzMzYx.ED4oG7NWMYKz1EPCIAfD2tMYLbhg-oenTmO37w5sXT8g.2CIIFEkykQzPIbffJ5U7iich9eWsqEhe0quM3W3mBbMg.PNG/20%ED%99%94_%EC%A7%9C%ED%88%AC%EB%A6%AC_%EC%BB%B7.png?type=w1678",,https://game.naver.com/lounge/COUNTERSIDE/board/detail/2048262
2023786,COUNTERSIDE,카운터사이드,24,공식 웹툰,[웹툰] 순수한 불순물 - 잡히면 안돼,[웹툰] 순수한 불순물 - 잡히면 안돼,GM 이수연,15,2023-05-24T15:00:39+09:00,2023-05-24T15:00:39+09:00,2997,5,29,0,False,json,,https://nng-phinf.pstatic.net/MjAyMzA1MjRfMzYg/MDAxNjg0ODk0Nzk1NTEw.IQ6_wgRF9dQdVZY7SEpOpzFvN53wQajY8tKURtZHaT4g.zl2GIpYNJAmgNxfWOvADdyRVE3p9PzAAP7kn3K-ZsMUg.JPEG/size%EC%B9%B4%EC%82%AC_23%ED%99%94.jpg?type=w1678,,https://game.naver.com/lounge/COUNTERSIDE/board/detail/2023786
1989143,COUNTERSIDE,카운터사이드,24,공식 웹툰,[웹툰] MMST - 당신의 비전은?,[웹툰] MMST - 당신의 비전은_,GM 이수연,15,2023-05-17T15:00:33+09:00,2023-05-17T15:00:33+09:00,2704,9,27,0,False,json,,https://nng-phinf.pstatic.net/MjAyMzA1MTdfMjQ1/MDAxNjg0MjkyNDI5Mzc3.yvQqO6-IICyR3q9LJR50E00I6g3C0VTy7IbJRAu6bJAg.vpL_h_tQUAzm6dkGo3ZpGkQEhaKqg6gV1O8uSkOMKmgg.PNG/4%ED%9A%8C_%EB%8B%B9%EC%8B%A0%EC%9D%98_%EB%B9%84%EC%A0%84%EC%9D%80_%EC%99%84%EC%84%B1%EB%B3%B8.png?type=w1678,,https://game.naver.com/lounge/COUNTERSIDE/board/detail/1989143
1974871,COUNTERSIDE,카운터사이드,24,공식 웹툰,[웹툰] WINDY - 편식은 안 돼,[웹툰] WINDY - 편식은 안 돼,GM 이수연,15,2023-05-14T16:00:36+09:00,2023-05-14T16:00:36+09:00,2406,6,30,1,False,json,* 다음주부터 공식 웹툰 공개 시간이 수요일 15시로 변경됩니다.,https://nng-phinf.pstatic.net/MjAyMzA1MTJfMjMy/MDAxNjgzODc3NzExNjk5.OJK9iwiTiCv1byVB17HPeL5rzb1lxJlY3KnhCzis3dog.KCCf2iQ-Ni_KQ-iend0N-VjJPkEVwKpR8TvPt6viqP4g.PNG/22%ED%99%94_%EC%88%98%EC%A0%95_230405_PNG.png?type=w1678,,https://game.naver.com/lounge/COUNTERSIDE/board/detail/1974871
1929263,COUNTERSIDE,카운터사이드,24,공식 웹툰,[웹툰] BLACHA - 의자,[웹툰] BLACHA - 의자,GM 이수연,15,2023-05-07T16:00:37+09:00,2023-05-30T17:14:32+09:00,3210,10,28,0,False,json,,"https://nng-phinf.pstatic.net/MjAyMzA1MzBfMjk1/MDAxNjg1NDM0NDI3NDQx.pQdgLcWjOeg6w9bB99OK7yOEpPx2GRYRfM5AxFdvx50g.CNA4erG9-i-o57cySm1K9eWY-1sgsnusKI7jzM_AiUwg.PNG/%EC%B9%B4%EC%9A%B4%ED%84%B0%EC%82%AC%EC%9D%B4%EB%93%9C_002%ED%99%94_%EB%B3%B4%EC%A0%95.png?type=w1678
https://nng-phinf.pstatic.net/MjAyMzA1MDRfNjUg/MDAxNjgzMjA5ODcyNzAy.z1Jh5OotbyH9R8tgHcX4UN7xKiBipvHbo8iJcjrIdkcg.amaSbuJmmlULYBUMF7cAsLZlwvB9AR06UjvNLbqdLukg.PNG/002_%EC%A7%9C%EB%9D%BC%EC%8B%9C.png?type=w1678",,https://game.naver.com/lounge/COUNTERSIDE/board/detail/1929263
1894240,COUNTERSIDE,카운터사이드,24,공식 웹툰,[웹툰] WINDY - 이대로가 좋아!,[웹툰] WINDY - 이대로가 좋아!,GM 이수연,15,2023-04-30T16:00:33+09:00,2023-04-30T16:00:33+09:00,2689,9,32,0,False,json,,https://nng-phinf.pstatic.net/MjAyMzA0MjhfMjEx/MDAxNjgyNjU5Nzc2NzYw.1jR4_r2PsYg3dnpvTYh29pOUz4VeNtmV7n5_osttUwcg.CQ4mrkScYtolETngL-DwTXeUoCnZALT1iRb9-e8lOV4g.PNG/21%ED%99%94_%EC%88%98%EC%A0%95_230405_PNG.png?type=w1678,,https://game.naver.com/lounge/COUNTERSIDE/board/detail/1894240
1857416,COUNTERSIDE,카운터사이드,24,공식 웹툰,[웹툰] MMST - 친구의 취미,[웹툰] MMST - 친구의 취미,GM 이수연,15,2023-04-23T16:00:33+09:00,2023-04-23T16:00:33+09:00,2938,4,38,0,False,json,,https://nng-phinf.pstatic.net/MjAyMzA0MjFfNjIg/MDAxNjgyMDcwMzE0NTM2.YmweEQRoInvIcoBCAb1KQdW3gJgoCzXJMz3IGB6PxR0g.xp1sextxL8p9MJ4K5QhXPh4zdy5R_0ne2QDCD97JEsAg.PNG/3%ED%9A%8C_%EC%B9%9C%EA%B5%AC%EC%9D%98%EC%B7%A8%EB%AF%B8_%EC%99%84%EC%84%B1%EB%B3%B8.png?type=w1678,,https://game.naver.com/lounge/COUNTERSIDE/board/detail/1857416
1821224,COUNTERSIDE,카운터사이드,24,공식 웹툰,[웹툰] 순수한 불순물 - 우리 지수가 달라졌어요,[웹툰] 순수한 불순물 - 우리 지수가 달라졌어요,GM 이수연,15,2023-04-16T16:00:34+09:00,2023-04-16T16:00:34+09:00,5063,11,30,0,False,json,,https://nng-phinf.pstatic.net/MjAyMzA0MTNfMzEg/MDAxNjgxMzk0MzAzMDkz.0G2bc_Axd_HrhePrvKfZkWeBnhRQzQgBTCKYxflxyt4g.hfdFoMpKOVBj6dcAl8Kp86EYwJeBa7jfLy0Dh6bJkDkg.JPEG/%EC%B9%B4%EC%82%AC22%ED%99%94.jpg?type=w1678,,https://game.naver.com/lounge/COUNTERSIDE/board/detail/1821224
1789370,COUNTERSIDE,카운터사이드,24,공식 웹툰,[웹툰] 네모가 - 과음은 안돼!,[웹툰] 네모가 - 과음은 안돼!,GM 이수연,15,2023-04-09T16:00:34+09:00,2023-04-09T16:00:34+09:00,3654,9,43,0,False,json,,"https://nng-phinf.pstatic.net/MjAyMzA0MDdfMjIw/MDAxNjgwODUzNjE5MTcx.zSFscvaHl-ta0uQfmpyPdyECibwRE18mq8vtF4NVhhkg.cao4L8SeqT2dqSETE6RMxf11D758gOapwFQ-AvUpJzMg.JPEG/19%ED%99%94_%EC%99%84%EC%84%B1_%EC%9B%90%EA%B3%A0.jpg?type=w1678
https://nng-phinf.pstatic.net/MjAyMzA0MDdfMjQw/MDAxNjgwODUzNjIyOTc4.MDbBPI1pRvvpnlK7dhqpdcZo3nyBnknKNYOutNjPkNMg.nY7aMdl60eM0UPPpQcBU30MvWnP8Yw3qPOI19EK9Jn4g.PNG/19%ED%99%94_%EC%A7%9C%ED%88%AC%EB%A6%AC_%EC%BB%B7.png?type=w1678",,https://game.naver.com/lounge/COUNTERSIDE/board/detail/1789370
1761601,COUNTERSIDE,카운터사이드,24,공식 웹툰,[웹툰] WINDY - 현장 검거,[웹툰] WINDY - 현장 검거,GM 이수연,15,2023-04-02T16:00:34+09:00,2023-04-02T16:00:34+09:00,2943,6,28,0,False,json,,https://nng-phinf.pstatic.net/MjAyMzAzMzBfMTk2/MDAxNjgwMTg1MzQ5Mjgw.ljywGlx42BRLadpBvI8GEKJEH5AjxB8rxUj6__4jpGYg.ZPpBg4wMOIPwTZCjsQA8F9vHDNAGibCHUH4i69DdNZQg.JPEG/%ED%98%84%EC%9E%A5_%EA%B2%80%EA%B1%B0.jpg?type=w1678,,https://game.naver.com/lounge/COUNTERSIDE/board/detail/1761601
1734866,COUNTERSIDE,카운터사이드,24,공식 웹툰,[웹툰] MMST - 청소시간,[웹툰] MMST - 청소시간,GM 이수연,15,2023-03-26T16:00:32+09:00,2023-03-26T16:00:32+09:00,2896,5,26,1,False,json,,https://nng-phinf.pstatic.net/MjAyMzAzMjRfMTM4/MDAxNjc5NjY2ODU5OTQ5.VQJrjCbbx-Tfa3i6pJHrimk2xkcIC8kz_SI4q3kEJwog.3VqRZImT3phgMySyVprtToKIHxhJgCm4HsJY6sZOt5sg.PNG/2%ED%9A%8C_%EC%B2%AD%EC%86%8C%EC%8B%9C%EA%B0%84_%EC%99%84%EC%84%B1%EB%B3%B8.png?type=w1678,,https://game.naver.com/lounge/COUNTERSIDE/board/detail/1734866
1709247,COUNTERSIDE,카운터사이드,24,공식 웹툰,[웹툰] BLACHA - 목욕탕,[웹툰] BLACHA - 목욕탕,GM 이수연,15,2023-03-19T16:00:32+09:00,2023-05-30T17:11:58+09:00,5137,11,36,1,False,json,,"https://nng-phinf.pstatic.net/MjAyMzA1MzBfMTMy/MDAxNjg1NDM0MjQzMjMx.9xcISUT-GIIGPDKH4fut_dNav2AMpjYe8zFfTmOOhz0g.JHNgxEkR1qkBAEcFvyodJnUBo-wi9-Kjc77GrSzyvt0g.PNG/%EC%B9%B4%EC%9A%B4%ED%84%B0%EC%82%AC%EC%9D%B4%EB%93%9C_001%ED%99%94_.png?type=w1678
https://nng-phinf.pstatic.net/MjAyMzAzMTdfMjA0/MDAxNjc5MDM3ODQ2MjI0.3Ndu8VOiDLnjh_gt_r1LS9-oc-9C21-aEP7kC1bSFh8g.gF9VbQtDXEnX0nlawJ-7kRejs5vubdT9D1GdyOBDokgg.PNG/001_%EC%A7%9C%EB%9D%BC%EC%8B%9C.png?type=w1678",,https://game.naver.com/lounge/COUNTERSIDE/board/detail/1709247
1682755,COUNTERSIDE,카운터사이드,24,공식 웹툰,[웹툰] MMST - 올해의 연애운,[웹툰] MMST - 올해의 연애운,GM 이수연,15,2023-03-12T16:00:31+09:00,2023-03-12T16:00:31+09:00,3149,10,29,1,False,json,,https://nng-phinf.pstatic.net/MjAyMzAzMTBfMjg3/MDAxNjc4NDUzNzM2NDEx.8crHVWENUvkfjc2O7VidztufRbFS2EKUjLvN_yTF2i4g.P1G7OquBIcEN5ts04w-q0ta1bnmTp5svVeGqD9joggIg.PNG/1%ED%9A%8C_%EC%98%AC%ED%95%B4%EC%9D%98%EC%97%B0%EC%95%A0%EC%9A%B4_%EC%99%84%EC%84%B1%EB%B3%B8.png?type=w1678,,https://game.naver.com/lounge/COUNTERSIDE/board/detail/1682755
1657102,COUNTERSIDE,카운터사이드,24,공식 웹툰,[웹툰] WINDY - 추억의 팬케이크,[웹툰] WINDY - 추억의 팬케이크,GM 이수연,15,2023-03-05T16:00:30+09:00,2023-03-05T16:00:30+09:00,3078,7,30,1,False,json,,https://nng-phinf.pstatic.net/MjAyMzAzMDNfMyAg/MDAxNjc3ODA5NDYwMTU4.-BIWmfS4FGyyL9Fn3z1_rqngXH2NaNSmFVCuKeUrl4Mg.2C-fbFgyI3AM2iq-KwVC5EIwA5-YeyvqA4LwENQEhw0g.PNG/19%ED%99%94_%EC%88%98%EC%A0%95_230103_PNG.png?type=w1678,,https://game.naver.com/lounge/COUNTERSIDE/board/detail/1657102
1625306,COUNTERSIDE,카운터사이드,24,공식 웹툰,[웹툰] 네모가 - 숙취해소,[웹툰] 네모가 - 숙취해소,GM 이수연,15,2023-02-26T16:00:31+09:00,2023-02-26T16:00:31+09:00,3172,5,23,0,False,json,,"https://nng-phinf.pstatic.net/MjAyMzAyMjVfNzcg/MDAxNjc3MzM0MDU2MTk4.T0YUHmwSqjX3qqjMZ2IJHQY6WFtMRuuuQesd5YozTv0g.zbpfZsgK2uyq56N8I13tRAJXCKgptSSmxlFcX5k3Bfgg.JPEG/18%ED%99%94_%EC%99%84%EC%84%B1_%EC%9B%90%EA%B3%A0.jpg?type=w1678
https://nng-phinf.pstatic.net/MjAyMzAyMjVfMTUg/MDAxNjc3MzM0MDYyMjM2.EVovp4MFbfFiN1le6aOIHOVz7vVLEuB-XuAijVzOFcIg.mG6NHMAPRdygh1s8ZWf8i8-6MktJlLAmFM8O1yIZLMcg.PNG/18%ED%99%94_%EC%A7%9C%ED%88%AC%EB%A6%AC_%EC%BB%B7.png?type=w1678",,https://game.naver.com/lounge/COUNTERSIDE/board/detail/1625306
1593139,COUNTERSIDE,카운터사이드,24,공식 웹툰,[웹툰] 순수한 불순물 - 성야의 선물,[웹툰] 순수한 불순물 - 성야의 선물,GM 이수연,15,2023-02-19T16:00:29+09:00,2023-02-19T16:00:29+09:00,3648,8,34,0,False,json,,https://nng-phinf.pstatic.net/MjAyMzAyMTZfMjUw/MDAxNjc2NTE0NDM4MzEy.qIJTGh4bB40EQuHOXWphvjPLhEICZd_YZFJG8cwdwcMg.nizOGGsGYqGd1-4_60gmvt-AzLYttlIl_YZ5E6fn_bIg.JPEG/1.jpg?type=w1678,,https://game.naver.com/lounge/COUNTERSIDE/board/detail/1593139
1577862,COUNTERSIDE,카운터사이드,24,공식 웹툰,[웹툰] MMM - 꼬마 임금님을 보러와줘!,[웹툰] MMM - 꼬마 임금님을 보러와줘!,GM 이수연,15,2023-02-15T20:50:26+09:00,2023-02-15T20:50:26+09:00,4674,9,34,1,False,json,,"https://nng-phinf.pstatic.net/MjAyMzAyMTVfMTk4/MDAxNjc2NDYxNjM4NDgz.gjQRUoVgfbjS8U4j-wBWt6rRBsrfT9eJja6XCwO5lSsg.gcuDC0O8pPg9iGLN1K2J_q6fPlma7S4qWmZiTyfAN_Eg.PNG/01.png?type=w1678
https://nng-phinf.pstatic.net/MjAyMzAyMTVfMjQw/MDAxNjc2NDYxNjQzODE4.HC_pfcG6H3RyfbMpw_i6gdq8ukuS6JgipaCU91nf8L0g.9yVsQTCXNPsk_yl9rrXYA027M977jsm59XaUVxwZ5ysg.PNG/02.png?type=w1678
https://nng-phinf.pstatic.net/MjAyMzAyMTVfMSAg/MDAxNjc2NDYxNjQ3NDA2.EXav9yo7bn2BAoFPJarrjg-r8nJY4TzERot5svkF3-Ig.i237kwH3XUgktSViwsN41jYO0-a3QlA-vwPrkNIgGXAg.PNG/03.png?type=w1678
https://nng-phinf.pstatic.net/MjAyMzAyMTVfMTg5/MDAxNjc2NDYxNjUxNjY5.UwsdEVkla0LWbhGRxyJn0lXnVpePjPaKvCahZH_MjRMg.Mfb6VeZOno_HY4Nvve9se4IJLJLkl_bS37Bzk-PsYjsg.PNG/04.png?type=w1678
https://nng-phinf.pstatic.net/MjAyMzAyMTVfNTkg/MDAxNjc2NDYxNjU1Mjk3.XKaWGPVewhiFYd_LvzB0ClBxtWHWqds1qLiH5IXYqL4g.Fv9n9H0-L6-69cf6C9PdaN515k3coo_dZCxj7yBso1Ug.PNG/05.png?type=w1678
https://nng-phinf.pstatic.net/MjAyMzAyMTVfMjEy/MDAxNjc2NDYxNjU4MDM1.ILk8CiUwp8Rco9LxFVcM0jM57-tGOKR5inEb3sj3LFog.IfIYXvjfgrVAoYtSNoshNY_N4MPUSvOU1ZuNg7QSz2og.PNG/06.png?type=w1678
https://nng-phinf.pstatic.net/MjAyMzAyMTVfMjA0/MDAxNjc2NDYxNjYwNTY1.DJhiy1GJ4MzjOaeN60WhUVtNcZUZCfDbE5bfmSJqk8Yg.GwtbB2NNWFe2SpjezeOB-t33ahRlCrl4tJ9pO7Vpcjgg.PNG/07.png?type=w1678
https://nng-phinf.pstatic.net/MjAyMzAyMTVfMjky/MDAxNjc2NDYxNjYyOTI5.rG0RsFwXgE5ES5T5frYWi59rdoih_NVeazZqWik_s98g.EKVnKOuqTd0_DFcITptlQTADJZvpcw3Kui0BlL_fe3sg.PNG/08.png?type=w1678
https://nng-phinf.pstatic.net/MjAyMzAyMTVfMTY0/MDAxNjc2NDYxNjY1NjY2.QOoIg7gvlKl1heRYLfqf8PUCFRtQl_Pg51I33KcBrHAg.HRSTtRG8FTgrpeMuDH5ZpuSaavyz3B-oM9D5Z_lxJJcg.PNG/09.png?type=w1678
https://nng-phinf.pstatic.net/MjAyMzAyMTVfMjQg/MDAxNjc2NDYxNjY4MTQ0.iEbsg633TcVT2gqT8CG-_F72V0LGTgNDPUcILa5kgKYg.ES9AS6Xs-rR_Ki1WlbONsBeYGcMrhgKmIYKxsUMmkZQg.PNG/10.png?type=w1678
https://nng-phinf.pstatic.net/MjAyMzAyMTVfMTQ3/MDAxNjc2NDYxNjcwNDA5.23YoXCM-dlmAfBhp6I3RqiWWVobsA3OFLiQl_1mDG1kg.N0ZjgwlBAh5sHpfmyXU_UYDmQ0VZW3IQFt9H9lCQPXYg.PNG/11.png?type=w1678
https://nng-phinf.pstatic.net/MjAyMzAyMTVfMTQ0/MDAxNjc2NDYxNjcyNzE4.Yn7jGXEBHAjuEpnEiYqAAAoUrmL_OpflCoDAE_wEZaAg.V6mfdIUzC-DkusPIJNOAKyu5mEkhmgePBnc72m_s-ncg.PNG/12.png?type=w1678
https://nng-phinf.pstatic.net/MjAyMzAyMTVfMTYg/MDAxNjc2NDYxNjc0ODIy.x156TwOYmKEei2REjehFxcSmmj55LLoAgwSwSNq3MPsg.hLpEplqeRDjFbW18JbNJLaoWOVMAGJTskNpxmV1gBoUg.PNG/13.png?type=w1678
https://nng-phinf.pstatic.net/MjAyMzAyMTVfMzMg/MDAxNjc2NDYxNjc3MjMy.9r36MJI8JWCyvppZ-RjLK0ViyZcBGRPEpIvTQuFqvcYg.eMLSY9ecKK8wAgOzUSsrQuOzJjagsjIb9_I66nxhhiwg.PNG/14.png?type=w1678
https://nng-phinf.pstatic.net/MjAyMzAyMTVfMjI3/MDAxNjc2NDYxNjc5MzI1.AhVKsI_SxSezmrXfK7Sw_MG5DzUBpuu21Rc_4xQCFp0g.kwx1P6hyyHdJmBUDr9rsMnYYBB_msTnMU1aX5diBissg.PNG/15.png?type=w1678
https://nng-phinf.pstatic.net/MjAyMzAyMTVfOTUg/MDAxNjc2NDYxNjgyMTU1.zeNYoemrcYsqmpYoVjAcSVs5z71K-nSOttzkkQSZSHcg.Fpt-289m-c_1aiNuDgAG7HwztXfO48WvkFXIb_nb5pAg.PNG/16.png?type=w1678
https://nng-phinf.pstatic.net/MjAyMzAyMTVfMjQ1/MDAxNjc2NDYxNjg0NjEx.0w42VG2gRdX9G5_wLiRogH2ZmsrRNXSiS51JBUhpi38g.BYsxMywkvk7GjgR7sh4RrvotnMDIAkY0zFwagLKRxB8g.PNG/17.png?type=w1678
https://nng-phinf.pstatic.net/MjAyMzAyMTVfMTAg/MDAxNjc2NDYxNjg3NDgz.id6JJk_BKnsyDmrAbf5KOfBciG5cDBghZwX_E4ANdgUg.YYrtOiPls-Me1Ko4WEdYyp2q0jCnrQpGLYxObfA9BT8g.PNG/18.png?type=w1678
https://nng-phinf.pstatic.net/MjAyMzAyMTVfOTQg/MDAxNjc2NDYxNjg5NjM0.wn1LrRNKZ0IRjWaelbQT3E4LC7OM-pa5zUUTN4-BRYcg.aWRSpNH7vEJnetWZ91P-NhFGi3PjcYy1DVmeSi3mMTkg.PNG/19.png?type=w1678
https://nng-phinf.pstatic.net/MjAyMzAyMTVfMTEy/MDAxNjc2NDYxNjkxOTI0.u__ErziMCu1kloF7929pCa_DfTeSNvLfLWKnkN4IuhQg.ei7dwyp3zUmxKjWx7dDNW-VRfZFflHMqIisoJXvqpLwg.PNG/20.png?type=w1678",,https://game.naver.com/lounge/COUNTERSIDE/board/detail/1577862
1577838,COUNTERSIDE,카운터사이드,24,공식 웹툰,[웹툰] 네모가 - 털갈이,[웹툰] 네모가 - 털갈이,GM 이수연,15,2023-02-15T20:45:48+09:00,2023-02-15T20:45:48+09:00,2605,2,14,0,False,json,,"https://nng-phinf.pstatic.net/MjAyMzAyMTVfNyAg/MDAxNjc2NDYxNDk5NTU3.GODnJcz1y_xoCsLmZ6MKxkfZYiA_-q68Jdc9gPKD_Dgg.Tqmryy6uo6Z5UJ-fFvWv17fuhj1QBS_o1a1X5lHpXQkg.PNG/17%ED%99%94%EC%99%84%EC%84%B1%EC%9B%90%EA%B3%A0.png?type=w1678
https://nng-phinf.pstatic.net/MjAyMzAyMTVfNzIg/MDAxNjc2NDYxNTAyMzc1.aFETL0uqpiWDP_jX4ioCtXxMuGsF97nliG22V1NdrPMg.BaRiRtg-ajWlQLvMXUoRHgYZR21_-8MuznprYC3NBiYg.PNG/17%ED%99%94%EC%A7%9C%ED%88%AC%EB%A6%AC%EC%BB%B7.png?type=w1678",,https://game.naver.com/lounge/COUNTERSIDE/board/detail/1577838
1577833,COUNTERSIDE,카운터사이드,24,공식 웹툰,[웹툰] WINDY - 드레스 코드,[웹툰] WINDY - 드레스 코드,GM 이수연,15,2023-02-15T20:44:47+09:00,2023-02-15T20:44:47+09:00,1648,1,13,0,False,json,,https://nng-phinf.pstatic.net/MjAyMzAyMTVfMTAz/MDAxNjc2NDYwMTgyMDQy.Cd38RctZB_zOo68rwJ7NvdDfDtdoAd1N-5e1_6KiJAUg.5brdZkceX98OxO0XJ0kJqPM0V_e6_kNKAtq6qFHQdjwg.PNG/18%ED%99%94%EC%99%84%EC%84%B1221219PNG.png?type=w1678,,https://game.naver.com/lounge/COUNTERSIDE/board/detail/1577833
1577702,COUNTERSIDE,카운터사이드,24,공식 웹툰,[웹툰] WINDY - 쿨 100%?,[웹툰] WINDY - 쿨 100%_,GM 이수연,15,2023-02-15T20:22:15+09:00,2023-02-15T20:22:15+09:00,1732,1,15,0,False,json,,https://nng-phinf.pstatic.net/MjAyMzAyMTVfMTgg/MDAxNjc2NDYwMTEzNTkz.oiKOBMPo3GT0EI7xLgzrk4kAptLRf6QZOZNJtNFIdhgg.BuuH88RQ4YzAesAlsYcFj9Qheqas2_IdF-U4Y-KqgdEg.PNG/17%ED%99%94%EC%99%84%EC%84%B1221205PNG.png?type=w1678,,https://game.naver.com/lounge/COUNTERSIDE/board/detail/1577702
1577696,COUNTERSIDE,카운터사이드,24,공식 웹툰,[웹툰] 네모가 - 햄버거를 뿌려라,[웹툰] 네모가 - 햄버거를 뿌려라,GM 이수연,15,2023-02-15T20:21:42+09:00,2023-02-15T20:21:42+09:00,2173,4,19,0,False,json,,"https://nng-phinf.pstatic.net/MjAyMzAyMTVfMjQz/MDAxNjc2NDYwMDc5NTcx.ynW5oRpykOlEYuNvfHHWgtI_c7jmP7nUi14aUScVv08g.MDK0TfL94QckzIyDCxbXMNVAyqwGRhYwel5KhsoiaUog.PNG/16%ED%99%94%EC%99%84%EC%84%B1%EC%9B%90%EA%B3%A0.png?type=w1678
https://nng-phinf.pstatic.net/MjAyMzAyMTVfMjAz/MDAxNjc2NDYwMDgyMzA1.c01mnX-SEugFDCNJSAbd0ck33YmZ2MFTJhRdD4WriKQg.L1DzVaxsMj7RXsAVwt1fWbdPkMg0v7Os_3N2qyV_qyMg.PNG/16%ED%99%94%EC%A7%9C%ED%88%AC%EB%A6%AC%EC%BB%B7.png?type=w1678",,https://game.naver.com/lounge/COUNTERSIDE/board/detail/1577696
1577690,COUNTERSIDE,카운터사이드,24,공식 웹툰,"[웹툰] WINDY - 유미나, 유미나, 유미나","[웹툰] WINDY - 유미나, 유미나, 유미나",GM 이수연,15,2023-02-15T20:21:07+09:00,2023-02-15T20:21:07+09:00,1721,3,15,0,False,json,,https://nng-phinf.pstatic.net/MjAyMzAyMTVfMjIw/MDAxNjc2NDU5OTg2MjM0.8LJljkcXWcF0DjvLGIq0UnpvVKNn-LM7ApBLnHvEipsg.uhGcqCdbIr4NGx7IAOYELWTje0qVWHLIL0T2h0oEj38g.PNG/16%ED%99%94%EC%99%84%EC%84%B1221121PNG.png?type=w1678,,https://game.naver.com/lounge/COUNTERSIDE/board/detail/1577690
1577676,COUNTERSIDE,카운터사이드,24,공식 웹툰,[웹툰] 네모가 - 파자마 파티,[웹툰] 네모가 - 파자마 파티,GM 이수연,15,2023-02-15T20:19:33+09:00,2023-02-15T20:19:33+09:00,1885,1,15,0,False,json,,"https://nng-phinf.pstatic.net/MjAyMzAyMTVfMTY4/MDAxNjc2NDU5OTUzMTc4.ig5UjmeJcL_j2nzICB4rRr_anbG51yFDgqt0bNXGz0Yg.3MaCYldZEac8Nuf2SQiYuDkE25_QyAjjJgg4l93O-gwg.PNG/15%ED%99%94%EC%99%84%EC%84%B1%EC%9B%90%EA%B3%A0.png?type=w1678
https://nng-phinf.pstatic.net/MjAyMzAyMTVfMTU2/MDAxNjc2NDU5OTU1NTE5.d9AUA0G5NNe_qcO1vaaW3NbLSYF8kGiICcQTnfcHPt4g.XS252u4CY3P-JkB04ELzKOLVWK3muQDSmULWfsfc_h0g.PNG/15%ED%99%94%EC%A7%9C%ED%88%AC%EB%A6%AC%EC%BB%B7.png?type=w1678",,https://game.naver.com/lounge/COUNTERSIDE/board/detail/1577676
1577674,COUNTERSIDE,카운터사이드,24,공식 웹툰,[웹툰] WINDY - 펑펑! 동화나라,[웹툰] WINDY - 펑펑! 동화나라,GM 이수연,15,2023-02-15T20:19:02+09:00,2023-02-15T20:19:02+09:00,1198,3,13,0,False,json,,https://nng-phinf.pstatic.net/MjAyMzAyMTVfMTYx/MDAxNjc2NDU5OTIzNjU5.PB6fqh5chfWFEurlX0F3Xs--cc7Q1UleaTSI8SCylVwg.Qfb-K5IWg8VeJ6frblzEquBu7v3U-PsB7fLpwLykL_og.PNG/15%ED%99%94%EC%99%84%EC%84%B1221107PNG.png?type=w1678,,https://game.naver.com/lounge/COUNTERSIDE/board/detail/1577674
1577671,COUNTERSIDE,카운터사이드,24,공식 웹툰,[웹툰] 네모가 - 마녀의 벽난로,[웹툰] 네모가 - 마녀의 벽난로,GM 이수연,15,2023-02-15T20:18:31+09:00,2023-02-15T20:18:31+09:00,1516,1,9,0,False,json,,"https://nng-phinf.pstatic.net/MjAyMzAyMTVfMjU3/MDAxNjc2NDU5ODkwMDU1.LdIkaYIT8Z1eYt4Sao9iF8-G1YRhmGAO_9WPnpANnZYg.kL53sddIu9TW71WChIfnbXd6RxR32v1rVK1_TabFcP0g.PNG/14%ED%99%94%EC%99%84%EC%84%B1%EC%9B%90%EA%B3%A0.png?type=w1678
https://nng-phinf.pstatic.net/MjAyMzAyMTVfNzQg/MDAxNjc2NDU5ODkyNTgy.9Q91P19oHxCbV7HDqUNalYPSvesPriNPoHNqprfWGIwg.rhbVFfyn7DnOtfu7Z1OZQY24RMwLIFDJ4Xn6JIQVGysg.PNG/%EC%A7%9C%ED%88%AC%EB%A6%AC%EC%BB%B71.png?type=w1678",,https://game.naver.com/lounge/COUNTERSIDE/board/detail/1577671
1577666,COUNTERSIDE,카운터사이드,24,공식 웹툰,[웹툰] WINDY - 드라마로 배웠어요,[웹툰] WINDY - 드라마로 배웠어요,GM 이수연,15,2023-02-15T20:17:57+09:00,2023-02-15T20:17:57+09:00,1098,1,11,0,False,json,,https://nng-phinf.pstatic.net/MjAyMzAyMTVfNzYg/MDAxNjc2NDU5ODU5NTU2.MO285pcJRTVm38458isBXRbcmaQ8vWWg-HUJWaekp8wg.4g1nVpMCOUmNRvhk4EHCxT9ZJ8XoUSB8bc_7KE9qpAkg.PNG/14%ED%99%94%EC%99%84%EC%84%B1221024PNG.png?type=w1678,,https://game.naver.com/lounge/COUNTERSIDE/board/detail/1577666
1577659,COUNTERSIDE,카운터사이드,24,공식 웹툰,[웹툰] 네모가 - 그녀만의 비밀,[웹툰] 네모가 - 그녀만의 비밀,GM 이수연,15,2023-02-15T20:17:27+09:00,2023-02-15T20:17:27+09:00,1628,1,14,0,False,json,,"https://nng-phinf.pstatic.net/MjAyMzAyMTVfMTA5/MDAxNjc2NDU5ODIyMTE4.HNi4gtOCUrQEVNOzY8BEwJW-hXI1_lf_T7ZoeyHDaiUg.5MWMIzYRRnDqhCJowz3QjXFmUxlrc4AEoOKdYVywDOwg.PNG/13%ED%99%94%EC%99%84%EC%84%B1%EC%9B%90%EA%B3%A0.png?type=w1678
https://nng-phinf.pstatic.net/MjAyMzAyMTVfMTQ3/MDAxNjc2NDU5ODI0Mzky.Ox3ePMf45a3NJXS6oZvCk_CxkJc--mtQKmNPjw9TR_kg.wDA7mmP92opbolk_Nab9f03iWpg3_wNqpJmekF7UikEg.PNG/%EC%A7%9C%ED%88%AC%EB%A6%AC%EC%BB%B7.png?type=w1678",,https://game.naver.com/lounge/COUNTERSIDE/board/detail/1577659
1577653,COUNTERSIDE,카운터사이드,24,공식 웹툰,[웹툰] 순수한 불순물 - 완숙(?),[웹툰] 순수한 불순물 - 완숙(_),GM 이수연,15,2023-02-15T20:16:46+09:00,2023-02-15T20:16:46+09:00,1562,2,13,0,False,json,,https://nng-phinf.pstatic.net/MjAyMzAyMTVfMTU1/MDAxNjc2NDU5Nzk0ODgw.C6bMjkvdr6atyUlrMGfjkSgTtQ_oBtPlciO81jkntxsg.4cKVHV6O9pd60VxYa4r_68hx7ByRhzePRCl0bhUgbI8g.JPEG/size20%ED%99%94.jpg?type=w1678,,https://game.naver.com/lounge/COUNTERSIDE/board/detail/1577653
1577651,COUNTERSIDE,카운터사이드,24,공식 웹툰,[웹툰] WINDY - 새내기 점장님,[웹툰] WINDY - 새내기 점장님,GM 이수연,15,2023-02-15T20:16:14+09:00,2023-02-15T20:16:14+09:00,1131,1,12,0,False,json,,https://nng-phinf.pstatic.net/MjAyMzAyMTVfMTMw/MDAxNjc2NDU5NzQ5NTMw.0nFiuBa3TtsJpUBVy_cLXSWztt1Rc8zmUfWRRQCm4Ewg.1QJSZG8LtkujjjzpAPmIsbQJ3va_KtIz6mou30FfMHcg.PNG/13%ED%99%94%EC%88%98%EC%A0%95221031PNG.png?type=w1678,,https://game.naver.com/lounge/COUNTERSIDE/board/detail/1577651
1577647,COUNTERSIDE,카운터사이드,24,공식 웹툰,[웹툰] WINDY - 의장님 화법,[웹툰] WINDY - 의장님 화법,GM 이수연,15,2023-02-15T20:15:33+09:00,2023-02-15T20:15:33+09:00,1118,1,10,0,False,json,,https://nng-phinf.pstatic.net/MjAyMzAyMTVfNjAg/MDAxNjc2NDU5NzA1NzA3.CAmOCQJ2_SoyTrnPhS3WXe-E04A2evQfZFGVUHS-6pYg.HRIGBKO2tZXxQt_kGivzQ7z4qOnCpQUT0XwhcVlY7zwg.PNG/12%ED%99%94%EC%88%98%EC%A0%95220927PNG.png?type=w1678,,https://game.naver.com/lounge/COUNTERSIDE/board/detail/1577647
1577643,COUNTERSIDE,카운터사이드,24,공식 웹툰,[웹툰] 네모가 - 비밀 거래,[웹툰] 네모가 - 비밀 거래,GM 이수연,15,2023-02-15T20:14:54+09:00,2023-02-15T20:14:54+09:00,1362,1,13,0,False,json,,"https://nng-phinf.pstatic.net/MjAyMzAyMTVfNDcg/MDAxNjc2NDU5NjcyNjY0.UVw3GyMr2QisFDCXqBNb9XhkFDCfoiK1KWzdjDGsDnMg.bVajnp2tchBdeajcx8FxTkYpvv_0qdyYKqgM6BEZq-4g.PNG/12%ED%99%94%EC%99%84%EC%84%B1%EC%9B%90%EA%B3%A0.png?type=w1678
https://nng-phinf.pstatic.net/MjAyMzAyMTVfMzUg/MDAxNjc2NDU5Njc1MDA1.yVLlqHJ4LufwJ9qKcV2WvJATvTdDztd21l2IDLcjiswg.oRskiEk3BRKPqgxbPTAgFEpo2HOp7pX9yWHiM1kIkBIg.PNG/12%ED%99%94%EC%A7%9C%ED%88%AC%EB%A6%AC%EC%BB%B7.png?type=w1678",,https://game.naver.com/lounge/COUNTERSIDE/board/detail/1577643
1577639,COUNTERSIDE,카운터사이드,24,공식 웹툰,[웹툰] 네모가 - 시그마는 대단해!,[웹툰] 네모가 - 시그마는 대단해!,GM 이수연,15,2023-02-15T20:14:21+09:00,2023-02-15T20:14:21+09:00,1711,2,14,0,False,json,,"https://nng-phinf.pstatic.net/MjAyMzAyMTVfMTcz/MDAxNjc2NDU5NjQ3MDgy.NULgWC386rhjE-Gs4e3r-pzmXDWOuRBHq7qv0GnCoW8g.1Rfm46jwvFh4J9zjgaMS0S-jOGxj-Rsg20l9p28Mpy4g.PNG/10%ED%99%94%EC%99%84%EC%84%B1%EC%9B%90%EA%B3%A0.png?type=w1678
https://nng-phinf.pstatic.net/MjAyMzAyMTVfMTMy/MDAxNjc2NDU5NjQ5MTk5.O4xLRUOF1MLfLVfPadi3BKoQ8enf30jjPibkL6gGXWgg.b3WuMJYPxyH3DBcYQaA1cnCKohHyOeadaobtqmGIMgMg.PNG/10%ED%99%94%EC%A7%9C%ED%88%AC%EB%A6%AC%EC%BB%B7%EC%8A%A4%ED%8A%B8%EB%A1%9C%ED%81%AC.png?type=w1678",,https://game.naver.com/lounge/COUNTERSIDE/board/detail/1577639
1577630,COUNTERSIDE,카운터사이드,24,공식 웹툰,[웹툰] WINDY - 얼터그레시브,[웹툰] WINDY - 얼터그레시브,GM 이수연,15,2023-02-15T20:13:36+09:00,2023-02-15T20:13:36+09:00,1215,0,11,0,False,json,,https://nng-phinf.pstatic.net/MjAyMzAyMTVfNSAg/MDAxNjc2NDU5NTg5OTA1.PDq-zJ7bpLED_8qeaDQOAODla5G9WASbh5DWfFGTo7kg.VkXFBV2UN-RBWPsPSC0iWBocEMUGS0Xr1ghI8jkMEh0g.PNG/11%ED%99%94%EC%88%98%EC%A0%95220928PNG.png?type=w1678,,https://game.naver.com/lounge/COUNTERSIDE/board/detail/1577630
1577071,COUNTERSIDE,카운터사이드,24,공식 웹툰,"[웹툰] MMM - 도와줘요, 플로라 메이드 서비스!","[웹툰] MMM - 도와줘요, 플로라 메이드 서비스!",GM 이수연,15,2023-02-15T18:41:47+09:00,2023-02-15T18:41:47+09:00,2839,5,18,1,False,json,,"https://nng-phinf.pstatic.net/MjAyMzAyMTVfODgg/MDAxNjc2NDUzMTk3OTQ4.QPZzdglzTieIqqUwgwNRKij9RzA3yhtLyna8kdQJeX8g.CDa38t9pIqQPQrOGq07JrQXycfyhVuUHQEfz9Sqdwwog.PNG/01.png?type=w1678
https://nng-phinf.pstatic.net/MjAyMzAyMTVfMjc4/MDAxNjc2NDUzMjAyOTE0.9HlhHqbAm_5nmjx5NoAz46XYuNK8U6pLoaA4ZuMthxUg.uYyLrfHHUDFMA4HSHDpMMacMLU7NwOh5dEJVBojWNA0g.PNG/02.png?type=w1678
https://nng-phinf.pstatic.net/MjAyMzAyMTVfODgg/MDAxNjc2NDUzOTU0ODI3.rDb4--HITJ4pm9HUBktg2WJ86M_XnzHGdOXEcigE3pEg.TZ_3Hb-Eqdd2HgU-PAIst7jqMsTvIuqZkhwq3j_xeJEg.JPEG/03.jpg?type=w1678
https://nng-phinf.pstatic.net/MjAyMzAyMTVfMjI3/MDAxNjc2NDUzOTU1NTk5.TzhrP2B1_KeL16hzXVqimMiegSqmw5Brvkw_yo_bWCQg.egV9vwlevJiqLo8tn6Zm32a2ek-v6MZR0Yd1qRCQXQEg.JPEG/04.jpg?type=w1678
https://nng-phinf.pstatic.net/MjAyMzAyMTVfMTY1/MDAxNjc2NDU0MDc0NTMy.qU1tyjkvOkm0rYOIoLekGNK_RQRtzTmk8ooTl-7H32og.UHjtDpV6Jqg1wIskcIF39v74g-Exuuzob_Oa18-rWvQg.JPEG/05.jpg?type=w1678
https://nng-phinf.pstatic.net/MjAyMzAyMTVfMjE1/MDAxNjc2NDU0MDc5Mjg2.vCo4NF972HkpEKHyQ1ifHyH5fCmiCQXSq4P3N9F55Ykg.bmH-TlBVXv0HHoO-YnUmQ7AHO3mcl_mk_3z1kpu-Bfsg.JPEG/06.jpg?type=w1678
https://nng-phinf.pstatic.net/MjAyMzAyMTVfMTMg/MDAxNjc2NDU0MDg0MTA3.901c2BtiIBqpXj6EudPqymrGY3-brEruip-Jz61P-iog.1W7Ih1_G-ONIYok4q3qY9Neo_4UmXOTVQ1vDKWd1RJ8g.JPEG/07(%EC%88%98%EC%A0%95).jpg?type=w1678
https://nng-phinf.pstatic.net/MjAyMzAyMTVfMjM1/MDAxNjc2NDU0MDg5Nzcx.V-_oM0_NaJzRhiXdavs-W79H3HSGkhWLWCvnfdMIfVcg.XqslZs319Mi736fAjAmKGJvIwkdiIxEcTZKDAdSk1IYg.JPEG/08.jpg?type=w1678
https://nng-phinf.pstatic.net/MjAyMzAyMTVfMjgx/MDAxNjc2NDU0MDkzNTAw.rcuc70s5p0ntHY3-tKZ9pjNGHNK_1tiQ0zYBgjSAHzkg.oEwpVYYWRUzQYOUFOaxO0AJvzOFctd6ltCjdtMETX5wg.JPEG/09(%EC%88%98%EC%A0%95).jpg?type=w1678",,https://game.naver.com/lounge/COUNTERSIDE/board/detail/1577071
1576931,COUNTERSIDE,카운터사이드,24,공식 웹툰,[웹툰] 순수한 불순물 - 전문가의 손길,[웹툰] 순수한 불순물 - 전문가의 손길,GM 이수연,15,2023-02-15T18:24:24+09:00,2023-02-15T18:24:24+09:00,1527,1,13,0,False,json,,"https://nng-phinf.pstatic.net/MjAyMzAyMTVfMTk5/MDAxNjc2NDUzMDM1MTg1.0oZlb6ZVlXcvFq6ORV-sPjHGhpK36uGESISIS5SCUa0g.fyKw3W8s94gDrKof1flIyTLFFaUB1Qhs1Io1xsaT6NAg.JPEG/size19.jpg?type=w1678
https://nng-phinf.pstatic.net/MjAyMzAyMTVfMTIg/MDAxNjc2NDUzMDM2OTE1.KlP1gO1oXN4GvMPjUNqamVsCEHVmJ2uLHQilnYDJvXEg.2gK_9XLLWa3Zymp-aCcoFjafQnKQ34voGNSvtHaLzmUg.JPEG/size192.jpg?type=w1678",,https://game.naver.com/lounge/COUNTERSIDE/board/detail/1576931
1576926,COUNTERSIDE,카운터사이드,24,공식 웹툰,[웹툰] WINDY - 아카데미 극장!,[웹툰] WINDY - 아카데미 극장!,GM 이수연,15,2023-02-15T18:23:38+09:00,2023-02-15T18:23:38+09:00,957,1,13,0,False,json,,https://nng-phinf.pstatic.net/MjAyMzAyMTVfMTM3/MDAxNjc2NDUzMDA3OTM0.s836H8aV04ZfXBpQuQdC2Jk1Mgkrll1RaT5znr0wF2wg.DjLUyXLpT4FPk2qJDUgGcSIjL0aNBi-A1T8Wv1cykLYg.PNG/10%ED%99%94%EC%99%84%EC%84%B1220827PNG.png?type=w1678,,https://game.naver.com/lounge/COUNTERSIDE/board/detail/1576926
1576905,COUNTERSIDE,카운터사이드,24,공식 웹툰,[웹툰] 네모가 - 폐허에서 시작하는 이세계 카페생활,[웹툰] 네모가 - 폐허에서 시작하는 이세계 카페생활,GM 이수연,15,2023-02-15T18:21:42+09:00,2023-02-15T18:21:42+09:00,1243,0,11,0,False,json,,"https://nng-phinf.pstatic.net/MjAyMzAyMTVfMjg1/MDAxNjc2NDUyODY2MzU1.K3H5LrzB_wvlfnJjYXprbtoQ5zRhI2grTViT7LncVDQg.0mh6iACNkwy7eKaSU_yyqVPKfWGCBa_MRGCcoSgG76cg.PNG/11%ED%99%94%EC%99%84%EC%84%B1%EC%9B%90%EA%B3%A0.png?type=w1678
https://nng-phinf.pstatic.net/MjAyMzAyMTVfMjU0/MDAxNjc2NDUyODY4MTI2.uCgy_Lyw9PpPb3A05wq3AfZJJGJRJ5QU5Cod-q2mYGUg.2ruVTDbMMhJOrKf9blWbsbJOpmAl19fUbYvs3yzMDQIg.PNG/11%ED%99%94%EC%A7%9C%ED%88%AC%EB%A6%AC%EC%BB%B7.png?type=w1678",,https://game.naver.com/lounge/COUNTERSIDE/board/detail/1576905
1576898,COUNTERSIDE,카운터사이드,24,공식 웹툰,[웹툰] WINDY - 심의회 극장?,[웹툰] WINDY - 심의회 극장_,GM 이수연,15,2023-02-15T18:20:50+09:00,2023-02-15T18:20:50+09:00,835,1,10,0,False,json,,https://nng-phinf.pstatic.net/MjAyMzAyMTVfMTg3/MDAxNjc2NDUyODE2MzU4.wUqzCAL5iASE23na3InqQhROBaaPv4AFMwooxPBJF4wg.uvLEvT3UFE4eDuUP95GAEaXEmf5oLBc8KJluZy77q-sg.PNG/9%ED%99%94%EC%99%84%EC%84%B1220816PNG.png?type=w1678,,https://game.naver.com/lounge/COUNTERSIDE/board/detail/1576898
1576892,COUNTERSIDE,카운터사이드,24,공식 웹툰,[웹툰] 네모가 - 다리 개조,[웹툰] 네모가 - 다리 개조,GM 이수연,15,2023-02-15T18:19:59+09:00,2023-02-15T18:19:59+09:00,1342,0,12,0,False,json,,"https://nng-phinf.pstatic.net/MjAyMzAyMTVfNDkg/MDAxNjc2NDUyNzY1MDM1.18IRtYnydQVD9L2CWhLQSKsGLQpk-yucsYzezspM1acg.gmJg4OC4EY8GHzheXBmL9mKXw4d1cwuZdIjJqEMGDFQg.PNG/9%ED%99%94%EC%99%84%EC%84%B1%EC%9B%90%EA%B3%A0.png?type=w1678
https://nng-phinf.pstatic.net/MjAyMzAyMTVfMzEg/MDAxNjc2NDUyNzY3OTYx.wWH1bsNu_cgT-KqyiY-MDxOTzmJ5jZvRQkIIaxD11JEg.TPV0yEpmFheMeJaOkkaUrlP6Fr-gByWklWhHM3ouH3Eg.PNG/9%ED%99%94%EC%A7%9C%ED%88%AC%EB%A6%AC%EC%BB%B7.png?type=w1678",,https://game.naver.com/lounge/COUNTERSIDE/board/detail/1576892
1576886,COUNTERSIDE,카운터사이드,24,공식 웹툰,"[웹툰] MMM - 어서오세요, 호라이즌 투자기금에","[웹툰] MMM - 어서오세요, 호라이즌 투자기금에",GM 이수연,15,2023-02-15T18:19:10+09:00,2023-02-15T18:19:10+09:00,2416,1,17,0,False,json,,"https://nng-phinf.pstatic.net/MjAyMzAyMTVfMTAg/MDAxNjc2NDUyNjA2NzA2.VXqqemYReuHJrK5Y5GtKhQogVCH3Bu8ftVr98ZxyUA0g.JO5DdUKofGXkR2UYJChDancztRl_UhYqeEIx_ZkmS5og.PNG/01.png?type=w1678
https://nng-phinf.pstatic.net/MjAyMzAyMTVfMTM3/MDAxNjc2NDUyNjA2Nzg1.X9IRXL56cQWSuS_AvtRUPMEeOHV7zJGeOk3NazocDo0g.bTIywIxiRe7EOcZdCuEN5vsydHYAoSjifJCp8cnR2nMg.PNG/02.png?type=w1678
https://nng-phinf.pstatic.net/MjAyMzAyMTVfMjc1/MDAxNjc2NDUyNjA2NzU0.wBZSDsoA4wms8AFabD4ec-khxCtNU5S1ubLaWPMA62Eg.U9eLyvJzy4mbRDCg3cqeqFl-CsSJXPGYbcUIOPnCycog.PNG/03.png?type=w1678
https://nng-phinf.pstatic.net/MjAyMzAyMTVfMTc3/MDAxNjc2NDUyNjA2NzM5.tVJoPedAxPcMhpHrOXIO8wWRreJkt1BE63T0L-hmnvcg.r1IBaBsZuvf8DA1LR4ShTt0gmNxoHmMEPXIPEn12THEg.PNG/04.png?type=w1678
https://nng-phinf.pstatic.net/MjAyMzAyMTVfMjI3/MDAxNjc2NDUyNjA2Nzg0.-fxvUpaii0Vi1RHEdynvXbQBt1ohyjGUUr3X0h-js6kg.vZSPUTOVuVi6TAiCOHdMfdn5WZY98QTG5BhiNsvfKfQg.PNG/05.png?type=w1678
https://nng-phinf.pstatic.net/MjAyMzAyMTVfMTk0/MDAxNjc2NDUyNjA2ODEy.6gn3H2MemSoX0vXTvFbzP2cdi_tNM5365f2_VW26q9Ag.-GudjCYk6c6WQql_fOjWiPIZUKE1EQBBwFbFjxSI0GAg.PNG/6_t.png?type=w1678
https://nng-phinf.pstatic.net/MjAyMzAyMTVfMTE2/MDAxNjc2NDUyNjA2OTg0.fS1cITMz3AH77u-zIFRkfkkCgdepykmS4zLAerjg6Akg.fejvc81pW7R1UTuISVKwsG6FxiPsfQnLdMGtZAencrcg.PNG/07.png?type=w1678
https://nng-phinf.pstatic.net/MjAyMzAyMTVfMzIg/MDAxNjc2NDUyNjA3MDI2.GDkVHtpiIkOIZDKxOIwnava1yr5HH35WV3-9tXD_IaYg.OTajZUAr1TsW8ugAJFJOK91mJhSZlWgn6rascMgig7gg.PNG/08.png?type=w1678
https://nng-phinf.pstatic.net/MjAyMzAyMTVfMjQg/MDAxNjc2NDUyNjA3MDk4.XuaHsRISHd6Io0PBg152vBkXBBVNlT1BJbZU3BBTbZUg.GFAbvzT5BRe8pnWFPsho3UMKh21zuKGYpzhH5Z0-s7Yg.PNG/09.png?type=w1678
https://nng-phinf.pstatic.net/MjAyMzAyMTVfMjEz/MDAxNjc2NDUyNjA3MjEy.0mwgk6F3m2xtszRjArm3D7G4HVH1DZZAu8oqhlDoMvog.i8qJ5eTAvf8QGlWjpKx5yYp-HO2Znbzw_W3l1j6Y1EIg.PNG/10.png?type=w1678
https://nng-phinf.pstatic.net/MjAyMzAyMTVfNDYg/MDAxNjc2NDUyNjA3MjAw.TqeAJNJbKLBN-mQ9MyzohJvUoh4cq7UK1rmyG75Hl50g.yy_eYhrL8C6_NhWG6iOkdEhKMoLIH6rtEQ79tff33GMg.PNG/11_t.png?type=w1678
https://nng-phinf.pstatic.net/MjAyMzAyMTVfMjcx/MDAxNjc2NDUyNjA3MjQy.5qgUblOIPGtTHUpMqRZU9Jsuq-L3Ju4lULz1mIZvsOog.NVqBjIZpKWUnXn1ooNkZjtIPD8puz5btl03t0Wnl8bQg.PNG/12.png?type=w1678
https://nng-phinf.pstatic.net/MjAyMzAyMTVfMTgy/MDAxNjc2NDUyNjA3MzIx.S1bf0DU3QjgxQFHNlnTJ09xghGav_DBl9bqLoQXHqGkg.NGf4AWFjsVYgsZ7Uh4R_hdABIVVjFNALrzFJv8lYQQIg.PNG/13.png?type=w1678
https://nng-phinf.pstatic.net/MjAyMzAyMTVfOTQg/MDAxNjc2NDUyNjA3MzQ1.ffeB05cG_QjhBS4THF9_lMklhRte5HCzLhDbRn4afQsg.iDjDcFc3P0vkMBgaRn_liRCqcEhGVhQAqYyRu6rGjX0g.PNG/14.png?type=w1678",,https://game.naver.com/lounge/COUNTERSIDE/board/detail/1576886
1576866,COUNTERSIDE,카운터사이드,24,공식 웹툰,[웹툰] WINDY - 범인은 누구냐,[웹툰] WINDY - 범인은 누구냐,GM 이수연,15,2023-02-15T18:16:24+09:00,2023-02-15T18:16:24+09:00,1000,3,10,0,False,json,,https://nng-phinf.pstatic.net/MjAyMzAyMTVfMTk1/MDAxNjc2NDUyNTM4MTc0.TBKICKGWw2K366Shy2rasQgWcjTsAmxyRZqNv-NctQsg.cHwao0WdFK0gdSXN7jCnBOm1w-hEDP_FXR5CgxWuJUYg.PNG/8%ED%99%94%EC%88%98%EC%A0%95220803PNG.png?type=w1678,,https://game.naver.com/lounge/COUNTERSIDE/board/detail/1576866
1576861,COUNTERSIDE,카운터사이드,24,공식 웹툰,[웹툰] WINDY - 나나하라 랜드!,[웹툰] WINDY - 나나하라 랜드!,GM 이수연,15,2023-02-15T18:15:26+09:00,2023-02-15T18:15:26+09:00,925,0,11,0,False,json,,https://nng-phinf.pstatic.net/MjAyMzAyMTVfMTMx/MDAxNjc2NDUyMzYyNTcz.Lan7XVyivOR9Zt8YawFD4Voqj7bfaypAFKZBvkgL6swg.NtyG0f1HRP4itAffS-PL0JJqRMKo3TGgL_wne11f6P8g.PNG/7%ED%99%94%EC%99%84%EC%84%B1220718PNG.png?type=w1678,,https://game.naver.com/lounge/COUNTERSIDE/board/detail/1576861
1576828,COUNTERSIDE,카운터사이드,24,공식 웹툰,[웹툰] 네모가 - 지나친 장난,[웹툰] 네모가 - 지나친 장난,GM 이수연,15,2023-02-15T18:09:12+09:00,2023-02-15T18:09:12+09:00,1183,0,11,0,False,json,,"https://nng-phinf.pstatic.net/MjAyMzAyMTVfNTgg/MDAxNjc2NDUyMTM2NzQ1.R_VMEX6Uj09xgcb1NLjcQElYigy9vlrX8-6WT0qiooEg.XvGmq19mWw9kmkE-f0IutOml2tsRWqrH4kJTT5GZ8-sg.PNG/7%ED%99%94%EC%99%84%EC%84%B1%EC%9B%90%EA%B3%A0.png?type=w1678
https://nng-phinf.pstatic.net/MjAyMzAyMTVfMjM2/MDAxNjc2NDUyMTQwMDI0.pjYPRU40GfVtcpzc0O-MeAan6mspUoKzkoHzDFAglD4g.biiG0c-YAgMy5tMvocDDrho-QGH8BXhbr4Q3oEna1wsg.PNG/7%ED%99%94%EC%A7%9C%ED%88%AC%EB%A6%AC%EC%BB%B7%EC%88%98%EC%A0%951%EC%B0%A8.png?type=w1678",,https://game.naver.com/lounge/COUNTERSIDE/board/detail/1576828
1576822,COUNTERSIDE,카운터사이드,24,공식 웹툰,[웹툰] 순수한 불순물 - 입지 확보,[웹툰] 순수한 불순물 - 입지 확보,GM 이수연,15,2023-02-15T18:08:29+09:00,2023-02-15T18:08:29+09:00,1054,0,9,0,False,json,,https://nng-phinf.pstatic.net/MjAyMzAyMTVfMTI3/MDAxNjc2NDUyMTAzMjg4.-I0THYuVd2UwT7HaOc6qWXesi-qkT1Z_zj9GrI7Vf9Mg.WfdwXbeIfoxnlkTYc_rksbkbIMpV76yT3_CDfZhuDTYg.JPEG/size18.jpg?type=w1678,,https://game.naver.com/lounge/COUNTERSIDE/board/detail/1576822
1576818,COUNTERSIDE,카운터사이드,24,공식 웹툰,[웹툰] 네모가 - 엘리시움의 여름휴가,[웹툰] 네모가 - 엘리시움의 여름휴가,GM 이수연,15,2023-02-15T18:07:54+09:00,2023-02-15T18:07:54+09:00,1414,3,15,0,False,json,,"https://nng-phinf.pstatic.net/MjAyMzAyMTVfMTky/MDAxNjc2NDUyMDUwNzE2.ZfytgffKhCT1_lM-F18hKPPCF_n3KkvxXRA0dUZoEEEg.jwgxowLywlFAmJf1nOrcW7HUuPbHLhTZsf15i6zjkG0g.PNG/8%ED%99%94%EC%99%84%EC%84%B1%EC%9B%90%EA%B3%A0.png?type=w1678
https://nng-phinf.pstatic.net/MjAyMzAyMTVfMTk3/MDAxNjc2NDUyMDUzMDkw.plBHNOUL39A4tVQ8ji36_yZO06Dom9fLTuyCVjkevKIg.aem8haHBi2d4CEWr1KvYi0nv6kJL2T_JL-jv9Jk4NQAg.PNG/8%ED%99%94%EC%A7%9C%ED%88%AC%EB%A6%AC%EC%BB%B7.png?type=w1678",,https://game.naver.com/lounge/COUNTERSIDE/board/detail/1576818
1576731,COUNTERSIDE,카운터사이드,24,공식 웹툰,[웹툰] 순수한 불순물 - 포커페이스,[웹툰] 순수한 불순물 - 포커페이스,GM 이수연,15,2023-02-15T17:54:59+09:00,2023-02-15T17:54:59+09:00,1045,1,13,0,False,json,,https://nng-phinf.pstatic.net/MjAyMzAyMTVfMjQ0/MDAxNjc2NDUxMjg2MjY3.-k1etnhTikkyAbc7iw0__HWGO9PSJGzn6xn_tWQn0lAg.D4W0laZkTFCWz08HnySraf2jkbB9I7AQe089oDTsrwog.JPEG/size171.jpg?type=w1678,,https://game.naver.com/lounge/COUNTERSIDE/board/detail/1576731
1576700,COUNTERSIDE,카운터사이드,24,공식 웹툰,[웹툰] 네모가 - 새로운 사업,[웹툰] 네모가 - 새로운 사업,GM 이수연,15,2023-02-15T17:50:46+09:00,2023-02-15T17:50:46+09:00,1135,1,12,0,False,json,,"https://nng-phinf.pstatic.net/MjAyMzAyMTVfNiAg/MDAxNjc2NDUxMDMwMzcy.G7j-E_gaZAySlkGWnAQIPMrMtvVtOFLGJZdQnbJbllMg.O826kFmBUFoqH-ENISfS6NWJVXZDM4RbV69ttJoPVwgg.PNG/6%ED%99%94%EC%99%84%EC%84%B1%EC%9B%90%EA%B3%A0.png?type=w1678
https://nng-phinf.pstatic.net/MjAyMzAyMTVfMjY1/MDAxNjc2NDUxMDMyODQy.A8Rna70KSMp2WUjjDoZ_7mWhVA3nfegZm7mmxKmsvcUg.Ssn2JgB8aKjtrkVWMt8x-USgADwkgsJ3l7i6yMNeuX0g.PNG/6%ED%99%94%EC%A7%9C%ED%88%AC%EB%A6%AC%EC%BB%B7.png?type=w1678",,https://game.naver.com/lounge/COUNTERSIDE/board/detail/1576700
1576696,COUNTERSIDE,카운터사이드,24,공식 웹툰,[웹툰] WINDY - 취중진담?,[웹툰] WINDY - 취중진담_,GM 이수연,15,2023-02-15T17:50:11+09:00,2023-02-15T17:50:11+09:00,862,0,12,0,False,json,,https://nng-phinf.pstatic.net/MjAyMzAyMTVfMTA3/MDAxNjc2NDUwOTM3MjYx.-B7xgBRsC1zXy2ruPSM0jc5caeXCcqyJwQjYejc1BLkg.OuFViCJbFwZWawhVkd8C10u_oFHMFwH3N12LAb_FoOMg.PNG/WINDY6%ED%99%94.png?type=w1678,,https://game.naver.com/lounge/COUNTERSIDE/board/detail/1576696
1576689,COUNTERSIDE,카운터사이드,24,공식 웹툰,[웹툰] 네모가 - 그녀의 술주정,[웹툰] 네모가 - 그녀의 술주정,GM 이수연,15,2023-02-15T17:48:36+09:00,2023-03-21T17:39:03+09:00,1359,4,15,0,False,json,,"https://nng-phinf.pstatic.net/MjAyMzAyMTVfMjAx/MDAxNjc2NDUwNjk4ODE2.mZTKh-ntTcLOeG3XZ5Adrx1rHwm_EUF-ErrSKvaUI50g.Kr6Q9e0jIX1JKKW5QIp9WPtobsKDNSdvCo8gkMpS0q4g.PNG/5%ED%99%94%EC%99%84%EC%84%B1.png?type=w1678
https://nng-phinf.pstatic.net/MjAyMzAzMjFfNzUg/MDAxNjc5Mzg3OTM3NzQx.VdrQvHIH-fE7yg3pUmRaT7xpKnbtqQbnLhEDQ42P-ngg.KjORTpGY13bleJOrxjHAGr10j3PtS0cXWWICWc7HLYwg.PNG/5%ED%99%94_%EC%A7%9C%ED%88%AC%EB%A6%AC_%EC%BB%B7.png?type=w1678",,https://game.naver.com/lounge/COUNTERSIDE/board/detail/1576689
1576670,COUNTERSIDE,카운터사이드,24,공식 웹툰,[웹툰] WINDY - 예산의 행방,[웹툰] WINDY - 예산의 행방,GM 이수연,15,2023-02-15T17:44:41+09:00,2023-02-15T17:44:41+09:00,868,0,10,0,False,json,,https://nng-phinf.pstatic.net/MjAyMzAyMTVfMjg1/MDAxNjc2NDUwNjcwMzA2.Aq-_rDxYH9aRPIopifQ6jSDN061aj9VV5pZSGevuSHAg.VbB-qxkBo7OKzEn0tjGDH4fkakcf12qveuQPI9uBky0g.PNG/5%ED%99%94%EC%99%84%EC%84%B1220620PNG.png?type=w1678,,https://game.naver.com/lounge/COUNTERSIDE/board/detail/1576670
1576633,COUNTERSIDE,카운터사이드,24,공식 웹툰,[웹툰] 네모가 - 파렴치한 의상,[웹툰] 네모가 - 파렴치한 의상,GM 이수연,15,2023-02-15T17:40:26+09:00,2023-02-15T17:40:26+09:00,1438,0,13,0,False,json,,"https://nng-phinf.pstatic.net/MjAyMzAyMTVfMTYx/MDAxNjc2NDUwNDEwNzQ5.tA0diQoVseqNgq_WWiHkHEqNxmRek32hqJA7Iuw5Gjsg.ckXyUJRjCzzjdlnhlqG8aqs-uKKR5cA-HQWElT0M7WAg.JPEG/4%ED%99%94%EC%99%84%EC%84%B1%EC%9B%90%EA%B3%A0.jpg?type=w1678
https://nng-phinf.pstatic.net/MjAyMzAyMTVfMjMy/MDAxNjc2NDUwNDEyODAy.nVf5B6QQ2wqGdXZ5MdAypeFsXFhzGI0LOiWC17pA2jMg.-k22ZaaIQPCWaUn9LF6YmPi6n_KIfO8XYbhJrUjnfQog.PNG/4%ED%99%94.png?type=w1678",,https://game.naver.com/lounge/COUNTERSIDE/board/detail/1576633
1576629,COUNTERSIDE,카운터사이드,24,공식 웹툰,[웹툰] WINDY - TV 금지야!,[웹툰] WINDY - TV 금지야!,GM 이수연,15,2023-02-15T17:39:49+09:00,2023-02-15T17:39:49+09:00,871,0,14,0,False,json,,https://nng-phinf.pstatic.net/MjAyMzAyMTVfMjMw/MDAxNjc2NDUwMTY3MjYw.sGJ7q7TGUhBEKreT0PGmXTm8NKBozAFQjIfW7FB4hPEg.LIa50hseqI5QyKs7nuC9FbcCmyAi0Vsu_fYn9ThSzOMg.PNG/WINDY4%ED%99%94.png?type=w1678,,https://game.naver.com/lounge/COUNTERSIDE/board/detail/1576629
1576601,COUNTERSIDE,카운터사이드,24,공식 웹툰,[웹툰] 네모가 - 다이어트 시작,[웹툰] 네모가 - 다이어트 시작,GM 이수연,15,2023-02-15T17:35:52+09:00,2023-02-15T17:35:52+09:00,1207,0,15,0,False,json,,"https://nng-phinf.pstatic.net/MjAyMzAyMTVfNTMg/MDAxNjc2NDUwMTI5MjIz.IZw9sTLCX4Rng6gbyxktG4DvK0QH1Gk_ROaDz0vUJwUg.TTjCZGvDnkWtvQLlfnUf_TO0ubME9jtFYI9GnldsC50g.PNG/3%ED%99%942%EC%B0%A8%EC%99%84%EC%84%B1%EB%B3%B8.png?type=w1678
https://nng-phinf.pstatic.net/MjAyMzAyMTVfMjc4/MDAxNjc2NDUwMTMxMjgy.kk02sDjm3wVgwt86JzGnPV4xiKS6V7X5DYsOybE2lVUg._edWmkUNNIhLNbhvDSpU8wlcPNnH7jt2v7N7tXa1ga0g.PNG/%EC%9B%B9%ED%88%B0%EB%84%A4%EB%AA%A8%EA%B0%80%EB%8B%A4%EC%9D%B4%EC%96%B4%ED%8A%B8%EC%8B%9C%EC%9E%91%EC%B6%94%EA%B0%80.png?type=w1678",,https://game.naver.com/lounge/COUNTERSIDE/board/detail/1576601
1576596,COUNTERSIDE,카운터사이드,24,공식 웹툰,"[웹툰] WINDY - 예스, 마이 로드","[웹툰] WINDY - 예스, 마이 로드",GM 이수연,15,2023-02-15T17:35:16+09:00,2023-02-15T17:35:16+09:00,1221,0,11,0,False,json,,https://nng-phinf.pstatic.net/MjAyMzAyMTVfMzYg/MDAxNjc2NDUwMTA3MjM0.v3-eQaday5gjU7Q7zdoO07f8LgxxHbFyrQNVEaqG_nIg.cEWCcJd9Ne2AfXDxtnJV10cvAtCF6bdCWw88htJ3ZdIg.PNG/3%ED%99%94.png?type=w1678,,https://game.naver.com/lounge/COUNTERSIDE/board/detail/1576596
1576593,COUNTERSIDE,카운터사이드,24,공식 웹툰,[웹툰] 네모가 - 영업 방해!,[웹툰] 네모가 - 영업 방해!,GM 이수연,15,2023-02-15T17:34:44+09:00,2023-02-15T17:34:44+09:00,1153,1,9,0,False,json,,https://nng-phinf.pstatic.net/MjAyMzAyMTVfNzAg/MDAxNjc2NDUwMDczMDM1.8DjOg0xk-gT0OqZ2XEJm-4cZXUHMuYIk3cxvRr5Wvfcg.nDTQeujZZ_86rIKdoUKvInH9yZXE_RL3DEUdMTRfk5Ug.PNG/2%ED%99%94%EC%9B%90%EB%B3%B8%EC%9E%90%ED%88%AC%EB%A6%AC.png?type=w1678,,https://game.naver.com/lounge/COUNTERSIDE/board/detail/1576593
1576580,COUNTERSIDE,카운터사이드,24,공식 웹툰,[웹툰] 순수한 불순물 - 코핀 기숙사 사감L,[웹툰] 순수한 불순물 - 코핀 기숙사 사감L,GM 이수연,15,2023-02-15T17:33:52+09:00,2023-02-15T17:33:52+09:00,1139,1,15,0,False,json,,https://nng-phinf.pstatic.net/MjAyMzAyMTVfMTk4/MDAxNjc2NDUwMDI1MTQ3.plzgadqOGXs3MtrR_iIETTHPZYHE9Tpi0_L28hKEw-Yg.vK9YiCaMc3qVsyJIhrXIPcOL6y0uPoZMgRL4UzcNwfIg.JPEG/size16.jpg?type=w1678,,https://game.naver.com/lounge/COUNTERSIDE/board/detail/1576580
1576579,COUNTERSIDE,카운터사이드,24,공식 웹툰,[웹툰] WINDY - 최후의 발키리,[웹툰] WINDY - 최후의 발키리,GM 이수연,15,2023-02-15T17:33:13+09:00,2023-02-15T17:33:13+09:00,1071,1,12,0,False,json,,https://nng-phinf.pstatic.net/MjAyMzAyMTVfMTM2/MDAxNjc2NDQ5OTg0NDcy.Bt3kahWuloPkg0xRlutmyKNwTa0AyZ7xtFe9eE32lHwg.OonfCKlUoWgcTChA36ToSA6LQzju0PHRKnQIql_-dEIg.PNG/2%ED%99%94.png?type=w1678,,https://game.naver.com/lounge/COUNTERSIDE/board/detail/1576579
1576566,COUNTERSIDE,카운터사이드,24,공식 웹툰,[웹툰] 네모가 - 사람은 갑자기 변하지 않는다,[웹툰] 네모가 - 사람은 갑자기 변하지 않는다,GM 이수연,15,2023-02-15T17:30:53+09:00,2023-02-15T17:30:53+09:00,1087,0,12,0,False,json,,https://nng-phinf.pstatic.net/MjAyMzAyMTVfMjY5/MDAxNjc2NDQ5ODQyMTgy.H1-WyWd6N_gG1NAX6Cj5IF9RNjuW08j0ch5-ymw4xLsg.7weWjz2m278qquzPFtTT4jIw65Hebq_6IKrrGyqr92sg.PNG/%EB%84%A4%EB%AA%A8%EA%B0%801%ED%99%94.png?type=w1678,,https://game.naver.com/lounge/COUNTERSIDE/board/detail/1576566
1576564,COUNTERSIDE,카운터사이드,24,공식 웹툰,[웹툰] WINDY - 탐정이 하는 일,[웹툰] WINDY - 탐정이 하는 일,GM 이수연,15,2023-02-15T17:30:09+09:00,2023-02-15T17:30:09+09:00,834,0,10,0,False,json,,https://nng-phinf.pstatic.net/MjAyMzAyMTVfMjQ4/MDAxNjc2NDQ5NzgwMTU3.EI3XdsRvFZWqcza7ENyAjr_xi750EzZ35iZzt6etkDog.kytYNY3XQVcAT9yv4tIEFTW5YhBbrQ6PV9Ge3mPDHbYg.PNG/1%ED%99%94%EC%B5%9C%EC%A2%85%EB%B3%B8220425.png?type=w1678,,https://game.naver.com/lounge/COUNTERSIDE/board/detail/1576564
1576561,COUNTERSIDE,카운터사이드,24,공식 웹툰,[웹툰] 순수한 불순물 - 달콤한 추억,[웹툰] 순수한 불순물 - 달콤한 추억,GM 이수연,15,2023-02-15T17:29:28+09:00,2023-02-15T17:29:28+09:00,1076,0,11,0,False,json,,https://nng-phinf.pstatic.net/MjAyMzAyMTVfMTA4/MDAxNjc2NDQ5NzUxOTI2.aeWPYGv6PV31NeYI5OIYu-H28jIv5eS3Rf0LCwJoQmYg.CH-HRgr_ZmAzXC_eL6cjS0-6xVshAaoZ1vAxg8mgmYIg.JPEG/size15.jpg?type=w1678,,https://game.naver.com/lounge/COUNTERSIDE/board/detail/1576561
1576558,COUNTERSIDE,카운터사이드,24,공식 웹툰,[웹툰] 순수한 불순물 - 악령퇴치,[웹툰] 순수한 불순물 - 악령퇴치,GM 이수연,15,2023-02-15T17:28:56+09:00,2023-02-15T17:28:56+09:00,861,0,12,0,False,json,,https://nng-phinf.pstatic.net/MjAyMzAyMTVfMTc0/MDAxNjc2NDQ5Njk4OTQ3.Btg7-4z5ebkebOm7OAgYAwTNx2Uk1XXaUebRltW1Ygwg.SHxM99Yo45BL6r9PryaoVRzPe6mIujBWYfGK-OCZv-cg.JPEG/size14.jpg?type=w1678,,https://game.naver.com/lounge/COUNTERSIDE/board/detail/1576558
1576555,COUNTERSIDE,카운터사이드,24,공식 웹툰,[웹툰] 순수한 불순물 - 설레는 첫 출근,[웹툰] 순수한 불순물 - 설레는 첫 출근,GM 이수연,15,2023-02-15T17:28:03+09:00,2023-02-15T17:28:03+09:00,916,0,11,0,False,json,,https://nng-phinf.pstatic.net/MjAyMzAyMTVfMTgg/MDAxNjc2NDQ5NjUzNDky.5geodIHWAqZ2AcG5abE2a_aUFOzL0k4C1xO47ZV_wy0g.wia9TL6sf6FFIJN_IMtX_dNfGTP5dt2ynDFT34QHb2Ig.JPEG/size13.jpg?type=w1678,,https://game.naver.com/lounge/COUNTERSIDE/board/detail/1576555
1576549,COUNTERSIDE,카운터사이드,24,공식 웹툰,[웹툰] 순수한 불순물 - 협찬의상,[웹툰] 순수한 불순물 - 협찬의상,GM 이수연,15,2023-02-15T17:27:20+09:00,2023-02-15T17:27:20+09:00,1122,0,10,1,False,json,,https://nng-phinf.pstatic.net/MjAyMzAyMTVfNDkg/MDAxNjc2NDQ5NjE5ODc4.vCxjzOG4oLsDNhCKZqdm8mgtlB6-ploI2JR0qSVKSwUg.V-3ddxG1QTUtSBPrPSv_VDSopPqPVdu_OOUk_jCNDxgg.JPEG/size12.jpg?type=w1678,,https://game.naver.com/lounge/COUNTERSIDE/board/detail/1576549
1576541,COUNTERSIDE,카운터사이드,24,공식 웹툰,[웹툰] MMM - 금손 전대장님,[웹툰] MMM - 금손 전대장님,GM 이수연,15,2023-02-15T17:26:45+09:00,2023-02-15T17:26:45+09:00,2010,0,19,1,False,json,,"https://nng-phinf.pstatic.net/MjAyMzAyMTVfMzYg/MDAxNjc2NDQ5NTUwNDY0.zPBzXNRkljFv7Sj94gZ0X6vcurlrj1vCe7Aipbaw0Ccg.-g5FKXxwqigGTLl35ylqZwMRooDrJ5ArHUQ25O22NjEg.PNG/01.png?type=w1678
https://nng-phinf.pstatic.net/MjAyMzAyMTVfMTQz/MDAxNjc2NDQ5NTUwNDQ1.hSYsMUHU8K6oXCh8OyGJTM3cJbpNpDfu4B537eoaod8g.dvB5HgIm0JMdy1c5cA8GNh_nM9_FamqHHqACIn9qPkUg.PNG/02.png?type=w1678
https://nng-phinf.pstatic.net/MjAyMzAyMTVfMTc2/MDAxNjc2NDQ5NTUwNDgx.e623P5_GiN4VKyGiYD07JBZjS2SzdIsCKXFats-wx1cg.5CxzLcuKduzFn9g1bbjDX3-idMZoaoeljY-i-zrwqUYg.PNG/03.png?type=w1678
https://nng-phinf.pstatic.net/MjAyMzAyMTVfMjYw/MDAxNjc2NDQ5NTUwNTUz.2XNyd93rWaRRqcGOD3oxIwUaNSv_5jjKL00tz2qBJn0g.FCG0C5hkXI5h0A3r07pFZAJ1CnTLL8G4ni-K46V-SXMg.PNG/04.png?type=w1678
https://nng-phinf.pstatic.net/MjAyMzAyMTVfMTIz/MDAxNjc2NDQ5NTUwNDcx.BNU79BClOIPVO-pJN92OHbI9uDs2azjS2OGHkME6TtQg.rjaCoUN-3t_2fyxZF05JYt89bN_nyaNRx66FAYEr52Yg.PNG/05.png?type=w1678
https://nng-phinf.pstatic.net/MjAyMzAyMTVfMTEx/MDAxNjc2NDQ5NTUwNTg3.KxfwD6PEQWRJ8Fc6HBckoTKxO7vUrsGfx3l3PHIQzGMg.8KOUIA_wqjl13G7Af4YJdwjwXWYCe-T5Yqr8z93ZePog.PNG/06.png?type=w1678
https://nng-phinf.pstatic.net/MjAyMzAyMTVfMjg1/MDAxNjc2NDQ5NTUwNzM1.Zyp3ANCGFsrqDvFFh4mYbKhvI5V-kwqgQF-umZIJKhEg.LvGGlRhjY_NQrZTrGwC-l_y726bEEZD_Al4K-e-fMYQg.PNG/07.png?type=w1678
https://nng-phinf.pstatic.net/MjAyMzAyMTVfMjQ2/MDAxNjc2NDQ5NTUwNjU5.GNv3rv6ay2bEHxhrGfdQH6HT-L-ZAIFkLNcQODmWPFIg.B6Bwq_dBEsUK6VmW2Pa-tQ7S9WdXFnwqrgHkl-wGvOAg.PNG/08.png?type=w1678
https://nng-phinf.pstatic.net/MjAyMzAyMTVfMTk1/MDAxNjc2NDQ5NTUwODI5.A7ouw7x8uEuNlsoi7SFg1oELYqwaFUZ3Cgqu-n1T5pMg.wyYuYF4rt0zg8OO3Is4yudgg6clOvySbZOO0fx7sThIg.PNG/09.png?type=w1678
https://nng-phinf.pstatic.net/MjAyMzAyMTVfMTcy/MDAxNjc2NDQ5NTUwNzU5.kxOPj_KZB4ae51N9nnik15DSUGHOjd-fQ5TxMhbjzQgg.Z0GmQ1-t65VB-k_qetgGEDy2ld-VFdH7IPtjLWp5B-Ig.PNG/10.png?type=w1678",,https://game.naver.com/lounge/COUNTERSIDE/board/detail/1576541
1576528,COUNTERSIDE,카운터사이드,24,공식 웹툰,[웹툰] 순수한 불순물 - 어디 갔었어,[웹툰] 순수한 불순물 - 어디 갔었어,GM 이수연,15,2023-02-15T17:25:26+09:00,2023-02-15T17:25:26+09:00,1028,0,11,0,False,json,,https://nng-phinf.pstatic.net/MjAyMzAyMTVfMjQz/MDAxNjc2NDQ5NDkzMDQ3.Kj_eksidPp2qaQvbcn-BPqR7OOtDGD_2nX0nd4p-zzgg.7qalA9E-WcdCl_JPb4j9BcqY-hXnJB9VsE2UmKNyq9cg.JPEG/size11.jpg?type=w1678,,https://game.naver.com/lounge/COUNTERSIDE/board/detail/1576528
1576521,COUNTERSIDE,카운터사이드,24,공식 웹툰,[웹툰] 순수한 불순물 - 각성테라피,[웹툰] 순수한 불순물 - 각성테라피,GM 이수연,15,2023-02-15T17:24:36+09:00,2023-02-15T17:24:36+09:00,934,0,11,0,False,json,,https://nng-phinf.pstatic.net/MjAyMzAyMTVfMjMg/MDAxNjc2NDQ5NDU2NzQ1.qUc2vrkSDrLg1KuXLq4Kdb4eb9jH0NlTzl4tiKdikBgg.LmOon39zKU29qdouV2HI288mAcCpiP-yiXF_D_5jKXgg.JPEG/size9.jpg?type=w1678,,https://game.naver.com/lounge/COUNTERSIDE/board/detail/1576521
1576514,COUNTERSIDE,카운터사이드,24,공식 웹툰,[웹툰] MMM - 미나 VS 코핀,[웹툰] MMM - 미나 VS 코핀,GM 이수연,15,2023-02-15T17:23:49+09:00,2023-02-15T17:23:49+09:00,1958,0,14,0,False,json,,"https://nng-phinf.pstatic.net/MjAyMzAyMTVfODAg/MDAxNjc2NDQ5MzMxNDc2.HfECe45b_sIPc59LfL-yhSIi5AsZK72PCQ9Qlvgjkt0g.2J0-3ql5BbAUpVEBeL68NL2bofeGdgGf5_G5ueVY-_4g.PNG/01.png?type=w1678
https://nng-phinf.pstatic.net/MjAyMzAyMTVfMTc5/MDAxNjc2NDQ5MzMxNjIw.QVN2nCv6CMuBlhyJZRtbWy8hYDezwWTxFa0wNw4RlMcg.xPzv_581yNdEuE-PJAzqzJm7_yazKGlyY7C87PNhtHcg.PNG/02.png?type=w1678
https://nng-phinf.pstatic.net/MjAyMzAyMTVfNDMg/MDAxNjc2NDQ5MzMxNTA0.4oJMlzY5EUrk_ClBOhAFXNS0fDo0axxgPd_nqK75l6Eg.QvcCyoIxlHaGFUZ8gr51bG6VUMUY-GqbQVY1Mu8csw4g.PNG/03.png?type=w1678
https://nng-phinf.pstatic.net/MjAyMzAyMTVfMjgg/MDAxNjc2NDQ5MzMxNTgz.7oPW4up9nX5p5BDJmMJimAOqjjcCLU7GxOjn2KgXHUUg.PkJgpdtcphkmV-GQ1QtakvFxIVpST0qE8Rn3yiLbpFEg.PNG/04.png?type=w1678
https://nng-phinf.pstatic.net/MjAyMzAyMTVfMjI1/MDAxNjc2NDQ5MzMxNTQx.JLCLbBQB3rPMm_ul98x2RFxeXsJV9FIj0cPCT3n6uW4g.BhffxfT-8aKaHnXjVOdAsr1uoL2kworXQkcP7Qr9Wa4g.PNG/05.png?type=w1678
https://nng-phinf.pstatic.net/MjAyMzAyMTVfMjUw/MDAxNjc2NDQ5MzMxNjM1.VgsTK28obs5pMTHyKf7F3DEHRAEARjYRAWvMuS0aphcg.-I3SoejE8UfpKBbhe_K-8HD55LvSQHdTurwOEIpxui4g.PNG/06.png?type=w1678
https://nng-phinf.pstatic.net/MjAyMzAyMTVfMTk3/MDAxNjc2NDQ5MzMxNzUx.9y_tf3lxsF0WMq1Sen__iyLhwCIENAGl9AyHBWrLuLEg.pRGmvAyJ9F4OHnGGcmVVYZXe3rh6kyyGeWE0jZVdsEgg.PNG/07.png?type=w1678
https://nng-phinf.pstatic.net/MjAyMzAyMTVfMTA5/MDAxNjc2NDQ5MzMxOTU2.kG6pGtM4w-7KZd_GAnqMGlm7i4e7RiYkkO8YJlj1RUog.IN9vfFGSH3hCVYdREmSYl8mj5OsTd_x8YhhgSOq0X2Yg.PNG/08.png?type=w1678
https://nng-phinf.pstatic.net/MjAyMzAyMTVfMjEg/MDAxNjc2NDQ5MzMxOTU3.qM3UKn5MMVQMIN-mo1sNDHRbmCJnVzwOCwNUSWMasNMg.BUj6Ze_9C_et9z_XTtdL885SIKGGg3AXWkHIatUZJ_og.PNG/09.png?type=w1678
https://nng-phinf.pstatic.net/MjAyMzAyMTVfMzAw/MDAxNjc2NDQ5MzMyMDgz.QsTshw3VT_U3v6wAz74MKaGlsQ-LC7Cggxo8UZXV62Ag.p23pwlT933e-_Ggq1Ria_bXdqdR644ycsnu69ea8hsgg.PNG/10.png?type=w1678
https://nng-phinf.pstatic.net/MjAyMzAyMTVfMjEz/MDAxNjc2NDQ5MzMyMjA3.MqXCnm9dDPOUvsz6toIOkm3_iRBupOuXPXQ1jZJZXLAg.SUm-WVCPKdZHxKPW23_RT27wJmJpdf-de623gcN1ozog.PNG/11.png?type=w1678
https://nng-phinf.pstatic.net/MjAyMzAyMTVfMjc3/MDAxNjc2NDQ5MzMxOTc0.mS3Bxz23cMULr3rypb3TygJHMf2cCmyJC-RsvAgahmMg.FYtrAeJ8hqz3O4ari4DAug0Rvzwtv6IqaJ_3eGtl2Y4g.PNG/12.png?type=w1678",,https://game.naver.com/lounge/COUNTERSIDE/board/detail/1576514
1576500,COUNTERSIDE,카운터사이드,24,공식 웹툰,[웹툰] 순수한 불순물 - 민트조아,[웹툰] 순수한 불순물 - 민트조아,GM 이수연,15,2023-02-15T17:21:45+09:00,2023-02-15T17:21:45+09:00,828,0,10,0,False,json,,https://nng-phinf.pstatic.net/MjAyMzAyMTVfMjcz/MDAxNjc2NDQ5MjczNTA2.cElbs7Ee4ZerJCKdj58CPm1cfNkVN7ArqMP9QgTHtcIg.VEANN3ov9JLQ_qERnZujAJhsQqm3oAhnqkHEcmcUH3Qg.JPEG/size10.jpg?type=w1678,,https://game.naver.com/lounge/COUNTERSIDE/board/detail/1576500
1576493,COUNTERSIDE,카운터사이드,24,공식 웹툰,[웹툰] 순수한 불순물 – 애기경정님,[웹툰] 순수한 불순물 – 애기경정님,GM 이수연,15,2023-02-15T17:20:59+09:00,2023-02-15T17:20:59+09:00,926,0,10,0,False,json,,https://nng-phinf.pstatic.net/MjAyMzAyMTVfMTU2/MDAxNjc2NDQ5MjM5MzI5.tnuWwwy0fOTa5pYruJSCPet_Ctq7feQpsFe2-pehkpAg.8RSTUDbi49vSX1OFY3zjDD2d1jdIu3hvmdixZfYTb0wg.JPEG/7.jpg?type=w1678,,https://game.naver.com/lounge/COUNTERSIDE/board/detail/1576493
1576253,COUNTERSIDE,카운터사이드,24,공식 웹툰,[웹툰] 순수한 불순물 – 친목을 다져요,[웹툰] 순수한 불순물 – 친목을 다져요,GM 이수연,15,2023-02-15T16:34:49+09:00,2023-02-15T16:34:49+09:00,879,0,10,0,False,json,,https://nng-phinf.pstatic.net/MjAyMzAyMTVfMzEg/MDAxNjc2NDQ2NDU0MDUw.I70-7u8HxnK6qi6N5hW5mlZh24V50k_NTwiEwmw-KnYg._4oBz3GGUy5RUT94vVG7287Ym9oNYvg4ytOf3GHZo3kg.JPEG/7.jpg?type=w1678,,https://game.naver.com/lounge/COUNTERSIDE/board/detail/1576253
1576248,COUNTERSIDE,카운터사이드,24,공식 웹툰,[웹툰] 순수한 불순물 – 힐데식 주문법,[웹툰] 순수한 불순물 – 힐데식 주문법,GM 이수연,15,2023-02-15T16:33:58+09:00,2023-02-15T16:33:58+09:00,955,0,9,0,False,json,,https://nng-phinf.pstatic.net/MjAyMzAyMTVfMjgz/MDAxNjc2NDQ2NDMxOTc1.jB_LAZ6WUt6QJ1EFXy9mb2mKZiy_mKzWf0IE_5ZzfBkg.EA_LV2TwbxDdu2FhZ_qTkmoLkUjB7lobjMj0SBgZf-Ig.JPEG/6.jpg?type=w1678,,https://game.naver.com/lounge/COUNTERSIDE/board/detail/1576248
1576190,COUNTERSIDE,카운터사이드,24,공식 웹툰,[웹툰] MMM - 카페 스트레가!,[웹툰] MMM - 카페 스트레가!,GM 이수연,15,2023-02-15T16:19:57+09:00,2023-02-15T16:19:57+09:00,1891,2,16,0,False,json,,"https://nng-phinf.pstatic.net/MjAyMzAyMTVfMjI2/MDAxNjc2NDQ1MjUzMTkx._C04n2z3-FDoEmeKwk2hzL9aiBnZ6mGOq_Nw6oxqMk4g.VGHijYaeAeq5cALBnz2jKHvwmUdFknhsJeTCbQNQxx4g.PNG/01.png?type=w1678
https://nng-phinf.pstatic.net/MjAyMzAyMTVfMjEx/MDAxNjc2NDQ1MjUzMzAw.7b9LeC1Ap0WJhkILxHdSrsEC1-waQxqzU9pqPHvdgf4g.GsSy4StERA_ZrH-ij7CMdoYP5k2WFWX4ESCpIA6eMVEg.PNG/02.png?type=w1678
https://nng-phinf.pstatic.net/MjAyMzAyMTVfNzkg/MDAxNjc2NDQ1MjUzMzcw.kzl_J6qB2_sxeSN7uFdD9oRw-_GQcYq49Og21y91rUIg._cHsFGNh_ZBJi9Fteb1FYctNhJ1-23-yNBP8ZyQliLQg.PNG/03.png?type=w1678
https://nng-phinf.pstatic.net/MjAyMzAyMTVfMTIy/MDAxNjc2NDQ1MjUzMzI4.jaRU9m_mKlwZEIuok3W8SRIIWEjHlWlQP4bzzD2WBI0g.-LcGpToyI8E6XA-nsyzGmw7DhYyZjIs3kZjhADGc1dYg.PNG/04-t.png?type=w1678
https://nng-phinf.pstatic.net/MjAyMzAyMTVfMzIg/MDAxNjc2NDQ1MjUzNDA1.0OEVT61AFSTzPQhrEkrm5lYgt96XBi7SUdE7zLLq1i4g.o81CSrUaxr56NYfdJ9hh7SAZMgrvFga16SXjRRyhZTQg.PNG/05-t.png?type=w1678
https://nng-phinf.pstatic.net/MjAyMzAyMTVfMTA3/MDAxNjc2NDQ1MjUzNDEy.F81pCHpUaE7gT_LQs1XIPp8HNSM_nm7Cj6kIsiOj72Mg.akCYCgzXkJziH_-SYxqzUCP_RhlKTDZlQqHjrAbGyFQg.PNG/06.png?type=w1678
https://nng-phinf.pstatic.net/MjAyMzAyMTVfMjIy/MDAxNjc2NDQ1MjUzNTcx.-xkh-PytUAMVqMYrK-LPHtaGRfS1KifUzqDEWeC02A4g.Edr3VA3ApI_2Tmw51iNpSJgLDqk6PXW8dDydXjN5fk4g.PNG/07.png?type=w1678
https://nng-phinf.pstatic.net/MjAyMzAyMTVfMjM1/MDAxNjc2NDQ1MjUzOTAz._nhnfG_qy9WT1cqs2R1UXlx2ND3jsdx0bDjFXL6oaukg.kL7mAXtakTVd2GF8--UbSY4oWhh4WFRkH-9tDZ1k01sg.PNG/08.png?type=w1678
https://nng-phinf.pstatic.net/MjAyMzAyMTVfNjYg/MDAxNjc2NDQ1MjUzNjcw.GnTmOK46WUSGyKdsfKmhaej9qbnzGncb29NnA8zniHsg.xyprsPYvbHciyZLBItQkfwzmNI2OKQ4vsbp9iqlpMhQg.PNG/09.png?type=w1678
https://nng-phinf.pstatic.net/MjAyMzAyMTVfNDIg/MDAxNjc2NDQ1MjUzODQw.4Jmp_GfSD2JA8o80-UaLlOAq1FLN-HQ1DwhOkW9k0gUg.AZoFwNzLU6VSMTIZMvU6WCtXfjaAoHx_XhTTIFTMwRQg.PNG/10.png?type=w1678
https://nng-phinf.pstatic.net/MjAyMzAyMTVfMjAx/MDAxNjc2NDQ1MjUzODI5.xlkDv7UCq6M_9NoJI2CkuVGwTkVoNCI-9Hj6EWiR90Ug.3pepT12dVKCxf2hL-asZe6-RNoq4kSh5f3rySBZhM6gg.PNG/11.png?type=w1678
https://nng-phinf.pstatic.net/MjAyMzAyMTVfMTU3/MDAxNjc2NDQ1MjUzODgz.Q0JXGCIowcXFUQyvFVSItfSlrLRJSd5p8uG4eb39QvEg.YwlmiXjrpeq2JCdC0MyocEhS2eeY1vk01glnQMJ2Xjwg.PNG/12.png?type=w1678
https://nng-phinf.pstatic.net/MjAyMzAyMTVfMTE5/MDAxNjc2NDQ1MjUzOTE5.Trx-dGAocewDf0uPcHi-6HnEhvmcGmyknyXW_404fG0g.EL6Vnxgpkc2-t4VhxEiI3-YNPRe2OJWlvvzgYYAxhnEg.PNG/13.png?type=w1678",,https://game.naver.com/lounge/COUNTERSIDE/board/detail/1576190
1576160,COUNTERSIDE,카운터사이드,24,공식 웹툰,[웹툰] 순수한 불순물 – 보고싶어!,[웹툰] 순수한 불순물 – 보고싶어!,GM 이수연,15,2023-02-15T16:13:34+09:00,2023-02-15T16:13:34+09:00,932,2,12,0,False,json,,https://nng-phinf.pstatic.net/MjAyMzAyMTVfNDAg/MDAxNjc2NDQ1MTkxOTUz.xDcEEX028yOuDUE55PeG9Lx83u5aD4YXmy_YkRAUQfAg.I63w2mV3lWnLhMZ1EAulmM-AFxN6_0mPGTKU4rbx8tEg.JPEG/5.jpg?type=w1678,,https://game.naver.com/lounge/COUNTERSIDE/board/detail/1576160
1576156,COUNTERSIDE,카운터사이드,24,공식 웹툰,[웹툰] 순수한 불순물 – 우리 미나가 달라졌어요,[웹툰] 순수한 불순물 – 우리 미나가 달라졌어요,GM 이수연,15,2023-02-15T16:12:56+09:00,2023-02-15T16:12:56+09:00,937,0,13,0,False,json,,https://nng-phinf.pstatic.net/MjAyMzAyMTVfMTg2/MDAxNjc2NDQ1MDgyNjIy.QDNrLa265UoiNf3CPjejDzz8xg4lSlwrDoBvJvWwOMkg.OO2Pr6e2w0wy3bsRKF4o10dwpLuGUmL5gchEbFeDryIg.PNG/%EC%88%9C%EC%88%98%ED%95%9C%EB%B6%88%EC%88%9C%EB%AC%BC.png?type=w1678,,https://game.naver.com/lounge/COUNTERSIDE/board/detail/1576156
1576144,COUNTERSIDE,카운터사이드,24,공식 웹툰,[웹툰] MMM - 시그마의 마망 대작전,[웹툰] MMM - 시그마의 마망 대작전,GM 이수연,15,2023-02-15T16:11:05+09:00,2023-02-15T16:11:05+09:00,1711,0,12,0,False,json,,"https://nng-phinf.pstatic.net/MjAyMzAyMTVfMTAg/MDAxNjc2NDQ0ODk0MTA5.2lRUlHnGO0tFK3TOENjZbrSdIPpuKtMICXR3YfsUYicg.cAeBMIXgR9_SnleFMcVlVxlUlK0pnhGRByUziTBSmxwg.PNG/01.png?type=w1678
https://nng-phinf.pstatic.net/MjAyMzAyMTVfMTc3/MDAxNjc2NDQ0ODk0MjI5.eiuCHEiw6h2pY_OdcfCTf9M0_klA_787o2dNXUj1VBkg.kHuisub3lSo9uUWFl8C7ySt0mzGLKbi2SMOFMMe2G3Ag.PNG/02.png?type=w1678
https://nng-phinf.pstatic.net/MjAyMzAyMTVfMTYw/MDAxNjc2NDQ0ODk0MTUz.gunFmWYJUuxsaheFrMxj7lAtOF4fiKhJ8svkY-ceTWIg.k-dkSPjz1v6Aoho6PTu3Qdz7doJt5wPYaqiPqXxnD4sg.PNG/03.png?type=w1678
https://nng-phinf.pstatic.net/MjAyMzAyMTVfMjQy/MDAxNjc2NDQ0ODk0MjI5.RHht0xqJJmb-DhuLChB0LH9LUxxnF1LlOf-ksMocqGsg.fFn_9SmGwcb1musZVq_gcpRgz-9Dmv6v8BXt5XHxFXQg.PNG/04.png?type=w1678
https://nng-phinf.pstatic.net/MjAyMzAyMTVfMTgz/MDAxNjc2NDQ0ODk0MjUy.G-v3ewX5jQCEtNL4CkgSLJgZg4Tr-O3fOO2U7XMwBhEg.u1TJ_fPzAu_D1WSDLw1lw059L7P1_8KGJMK6R1kzafEg.PNG/05.png?type=w1678
https://nng-phinf.pstatic.net/MjAyMzAyMTVfMTg0/MDAxNjc2NDQ0ODk0MjUy.cfKXjgqZSX3jFtAglvirD29B6JczWqQT5KKL2V-alX8g.wa9Wu-FhexTBgrYO7yMearSnARIpiQrvqChmiD65QPMg.PNG/06.png?type=w1678
https://nng-phinf.pstatic.net/MjAyMzAyMTVfMjcg/MDAxNjc2NDQ0ODk0MzEx.3t7xpR0mFaqIruREKrWTwZcX7P0_b67fEUAM9SfuGdUg.oOXVx7fKDn7abNE7Wd9G9rvMOz8CZR9jkqQOYP8bT-Ag.PNG/07.png?type=w1678
https://nng-phinf.pstatic.net/MjAyMzAyMTVfMjQ0/MDAxNjc2NDQ0ODk0MzU0.8uJC3U13adA8l6ZA0_dyfX2VSBy27KvzT3PX-w5_u5Ig.BqdRLgAcuh1aTAv8q6NfIzj1Mov_VFDvSDeHKK_nOvQg.PNG/08.png?type=w1678
https://nng-phinf.pstatic.net/MjAyMzAyMTVfMTMz/MDAxNjc2NDQ0ODk0NDI1.Fny5MUCPVTMDb66xUPhijSv-NdOIZAq7b2ONp-TMwZUg.jV1epGbd42TumILhlrWgFS2_F4k-JCzBQYr-DVSvxIwg.PNG/09.png?type=w1678
https://nng-phinf.pstatic.net/MjAyMzAyMTVfNCAg/MDAxNjc2NDQ0ODk0NDg2.PC2Pcdh9hkt29W8j_OtqAbCpiwrBTq7qhJOXIs4qQrUg.I7tUcG_N2NlsU8FFIlRAUBK_L_utoTviFgch1rnDV20g.PNG/10.png?type=w1678",,https://game.naver.com/lounge/COUNTERSIDE/board/detail/1576144
1576108,COUNTERSIDE,카운터사이드,24,공식 웹툰,[웹툰] MMM - 이세계 그녀들 (두번째),[웹툰] MMM - 이세계 그녀들 (두번째),GM 이수연,15,2023-02-15T16:02:41+09:00,2023-02-15T16:02:41+09:00,1698,0,16,0,False,json,,"https://nng-phinf.pstatic.net/MjAyMzAyMTVfMjIw/MDAxNjc2NDQ0NDM0NDM2.hcJDkry9--_Bzr2ls9ICKPkVhmBL91nBcOEAwN1dIF0g.y-ovRiynPki4xgFDPdJHs4M_Rw_Dr474syMVOYcxtr0g.PNG/01.png?type=w1678
https://nng-phinf.pstatic.net/MjAyMzAyMTVfMTA4/MDAxNjc2NDQ0NDM0NDU2.tWZf8BStFLbRMNwLNIpObyLbRqAiyNXwTWDd7gTm0_4g.Y4zes24CM9I5lij5Y_vK7Bo_7YD3MXcH4UOln5wsEJEg.PNG/02.png?type=w1678
https://nng-phinf.pstatic.net/MjAyMzAyMTVfMTIz/MDAxNjc2NDQ0NDM0NDY3.7TS26D5C7F-4cht6_gfUFTYNL4CfQbSWpahSogIulaog.tCiwcUs_9VFZdhzTZpBUj1Y_2wLKnRHJ0Lr6gn0_Le0g.PNG/03.png?type=w1678
https://nng-phinf.pstatic.net/MjAyMzAyMTVfMjcx/MDAxNjc2NDQ0NDM0NDU5.UJoYSRoIuderv4DjxLX6cqcG9R6E6twenvRpWUieZqMg.rJNAjd-qulYxBhbFgiPvc_GfkyLfBWfvfM6iKSrdguIg.PNG/04.png?type=w1678
https://nng-phinf.pstatic.net/MjAyMzAyMTVfMTMg/MDAxNjc2NDQ0NDM0NDQx.38j_21iQsD2Jd6r2ceTvY_7Ai3fkUnjZMdcg9dKUtLMg.QsWA2XRJwOsyReutVqBp2VfZPbEDB2_5xjY-ZWjF3Fwg.PNG/05.png?type=w1678
https://nng-phinf.pstatic.net/MjAyMzAyMTVfNjcg/MDAxNjc2NDQ0NDM0Mzk3.E4LsXkdiMwI9t3mAh7YPPuvNRU6a-Jx0bhGYWrZH164g.aHOGTQP5vzc43zUlFj2JQtxiJhiIXJm8QunXtHi9sU4g.PNG/06.png?type=w1678
https://nng-phinf.pstatic.net/MjAyMzAyMTVfMTc2/MDAxNjc2NDQ0NDM0NTgy.j7DpSbLGvFPcX-YwhwhIc1f9bAYL3nb7et2y9AswDu8g.pTI64LcBGMIhpGbeypHkO8dYpErvDNbWvyaGhi5bCuEg.PNG/07.png?type=w1678
https://nng-phinf.pstatic.net/MjAyMzAyMTVfNyAg/MDAxNjc2NDQ0NDM0NjQw.EWeTXJglTYqSH-4QabXahvJTqDCbWoGxl861c-lYNgEg.NbZ-K76QAs8brdpmxmb28OCywghqiIP16EVyh3__NBog.PNG/08.png?type=w1678
https://nng-phinf.pstatic.net/MjAyMzAyMTVfODIg/MDAxNjc2NDQ0NDM0NzMw.vyA69AOHnYWnODn9UFWsDfSIOm4Q-1BmYwSzb2VSURMg.VEjlrjDLqgjz8Q01fsjuluGwf19x4n4XoRyt2YxFcDEg.PNG/09.png?type=w1678
https://nng-phinf.pstatic.net/MjAyMzAyMTVfNCAg/MDAxNjc2NDQ0NDM0NzUz.WdbeHB_GimLdp2QWI0lC7oeHgNzUQZOs1z1lnSj098Eg.mKKfcx5MAn1hhPB9IjC2zUmmUpLmQq55Ynbryo1ztRsg.PNG/10.png?type=w1678",,https://game.naver.com/lounge/COUNTERSIDE/board/detail/1576108
1576091,COUNTERSIDE,카운터사이드,24,공식 웹툰,[웹툰] MMM - 이세계 그녀들,[웹툰] MMM - 이세계 그녀들,GM 이수연,15,2023-02-15T15:59:11+09:00,2023-02-15T15:59:11+09:00,1699,0,12,0,False,json,,"https://nng-phinf.pstatic.net/MjAyMzAyMTVfMjM1/MDAxNjc2NDQ0MjY3MDIw.MvNOpgbL5YBik7E2Y1V7hguyliyXpiK5ts02Qcudabcg.Ts91UgYBBVWrVzXJEVTcduscomm8aoQMsKDW8p85oHIg.PNG/01.png?type=w1678
https://nng-phinf.pstatic.net/MjAyMzAyMTVfNTUg/MDAxNjc2NDQ0MjY3MTI5.NVZfT33IiTAmBCTJJ4MFU0w2fiO3ugvohBvYrYB1ri4g.gHshyObJ6aN3VcYswMCZ-n3xR29NNYl_Xw5T6AVElIEg.PNG/02.png?type=w1678
https://nng-phinf.pstatic.net/MjAyMzAyMTVfMjI4/MDAxNjc2NDQ0MjY3MDk5.dlh70wIMjeL433V3V7BjW4sQYmvD3gFEgwTLMOOjUSkg.xxQZ6WVy0IRkUn6imvarhsuNAQr1kJfrME8cWk3zEPQg.PNG/03.png?type=w1678
https://nng-phinf.pstatic.net/MjAyMzAyMTVfMTQ1/MDAxNjc2NDQ0MjY3MTYy.SrgBUjpbBUAXhtt2ior6kyTmbkjq97wSAMZEH_a3J5gg.MAHVVMMketmcfqrwAYq-mdJjQFUTFl5uTJSgHkJu7p8g.PNG/04.png?type=w1678
https://nng-phinf.pstatic.net/MjAyMzAyMTVfMjQw/MDAxNjc2NDQ0MjY3MTcw.IxxUODd8iWcFemJ1AQgxUsKTT9eMWOSbdlwP_i1rdB8g.x25BXMiT9HPF3Icf5UYeAXQ0qQMcfNP177f5VMggcR0g.PNG/05t.png?type=w1678
https://nng-phinf.pstatic.net/MjAyMzAyMTVfMTgg/MDAxNjc2NDQ0MjY3MTkx.SQUvFcsJj27geQ-KG9JdgZr9dCr6UvKzGXq2kY93a4gg.v0qSJy91VW_OQehgwC88e-6blTegJDezkWAkjE88oxcg.PNG/06.png?type=w1678
https://nng-phinf.pstatic.net/MjAyMzAyMTVfNjYg/MDAxNjc2NDQ0MjY3MzUw.LhFvAhl3H_C6jyOX4sVF5LbnsQ4_Q1nv4jRCaIXxLtkg.zmcNmPuUGJIGsO-HQyxIdTQ_KfNWaDQNegufDHau_RQg.PNG/07.png?type=w1678
https://nng-phinf.pstatic.net/MjAyMzAyMTVfMjEx/MDAxNjc2NDQ0MjY3Mzc4.ud3l4_t2tZg3rKb3soNtk5RKmu5Zq52Z7uUn66pWJ0Yg.tIIFxg1r79RplFyyN03aZ6fAe8kQlIRpVnp4bbt5BmYg.PNG/08.png?type=w1678
https://nng-phinf.pstatic.net/MjAyMzAyMTVfODAg/MDAxNjc2NDQ0MjY3NDQ3.rqQi7qlG_UOSp9D-SxI2CCAyfd8ONhDFe4bRHibE6vMg.Oh-wcZ43fPyOo5bLcfwheKYzdHZqand-8ubBPDX7o38g.PNG/09.png?type=w1678",,https://game.naver.com/lounge/COUNTERSIDE/board/detail/1576091
1576076,COUNTERSIDE,카운터사이드,24,공식 웹툰,[웹툰] MMM - 참견쟁이 마왕님,[웹툰] MMM - 참견쟁이 마왕님,GM 이수연,15,2023-02-15T15:57:23+09:00,2023-02-15T15:57:23+09:00,1327,0,10,0,False,json,,"https://nng-phinf.pstatic.net/MjAyMzAyMTVfNzgg/MDAxNjc2NDQ0MTI0OTQ0.N6LpzXE6byoUP1E5DabK4Aj1Gu-MfZqNlLGVYGAP6Twg.Bq0cF5WGJkWBVhpueo2WW_5WprNjc6bIuZ0esKQHP14g.PNG/01.png?type=w1678
https://nng-phinf.pstatic.net/MjAyMzAyMTVfMjg2/MDAxNjc2NDQ0MTI1MDAx.Gq0RUbfnzvr25ltFLD17wsRcKqX37cMLgNX4ZDnbLxcg.wDlIGs2C0XIUSVoeKcuFPlG-Jon7Oqo9p-iMAU1dsDMg.PNG/02.png?type=w1678
https://nng-phinf.pstatic.net/MjAyMzAyMTVfMjEx/MDAxNjc2NDQ0MTI1MDU3.oxkcmPegwXZsGUL1PfhU7929_cp6fGXljlCHza5X4Ykg.zd0IDRPzY65bY0vbGZPW6rygBXS5rmS5Dznu9Qw8H9gg.PNG/03.png?type=w1678
https://nng-phinf.pstatic.net/MjAyMzAyMTVfMTA5/MDAxNjc2NDQ0MTI1MDIz.z7Cct-LIArbeOH4Hvvq_5vF8EYRv4scT_YKffU1exFEg.XtxEnSDW5rf6t74jIDE5yvrMevep83blu-_Xm21F9s4g.PNG/04.png?type=w1678
https://nng-phinf.pstatic.net/MjAyMzAyMTVfMjAg/MDAxNjc2NDQ0MTI0OTk1.xs9209VpXl5l7nF8pYflZPnk73cfRsjCkB_aaDdtFZIg.mJ8sc-nc5J998FQiH4Rg_jIbn1cwjeQbiTb2CNZvfGcg.PNG/05.png?type=w1678
https://nng-phinf.pstatic.net/MjAyMzAyMTVfMTcz/MDAxNjc2NDQ0MTI1MTMy.6xYitKecpkOXKQuh9L_DjZdAiLb18w3tSSC_azWIxR0g.cCIHpa25_d8WM6b1HPkpcFrbvYHR677bnK9TkIaCslIg.PNG/06.png?type=w1678
https://nng-phinf.pstatic.net/MjAyMzAyMTVfMjA4/MDAxNjc2NDQ0MTI1MzA0.qEmFhRbRL7UokrKxSP6YEPsSnbJgLMP6gtQic83KBNYg.YuGb2Oxx67zv6O037ha-VVpj9AU2egTkhGIrQJEa6r8g.PNG/07.png?type=w1678
https://nng-phinf.pstatic.net/MjAyMzAyMTVfMjcx/MDAxNjc2NDQ0MTI1MzUz.Q9c4gEr4pVJ28gb5V41WYqqHyfo9Ps8diqkqzgsfJiog.eQ-c9I_EbqIMz44xsH-TMm0OJBH8jyDC3v4LSfJODaEg.PNG/08.png?type=w1678
https://nng-phinf.pstatic.net/MjAyMzAyMTVfNyAg/MDAxNjc2NDQ0MTI1NDM5.luQDGuORgiYvK0g0_G7bYpb7QmiEmO7rNAVs2FLoufwg.ZKEbTrh-Zw2LyjqPhneNV4nTzu7nHU6XjF5rMJ2FrvEg.PNG/09.png?type=w1678
https://nng-phinf.pstatic.net/MjAyMzAyMTVfMTYx/MDAxNjc2NDQ0MTI1ODI1.C_qGa89oNb8WySXWabC3ZT4X9ecArDdUPfw6FPmaDe0g.Y-XCNYkuviZ_VBZZX0yRh9p_ou7zgvt9_YXP8DRKF4kg.PNG/10.png?type=w1678",,https://game.naver.com/lounge/COUNTERSIDE/board/detail/1576076
1576066,COUNTERSIDE,카운터사이드,24,공식 웹툰,[웹툰] 순수한 불순물 - 그녀의 역할극,[웹툰] 순수한 불순물 - 그녀의 역할극,GM 이수연,15,2023-02-15T15:55:05+09:00,2023-02-15T15:55:05+09:00,913,0,10,0,False,json,,https://nng-phinf.pstatic.net/MjAyMzAyMTVfMTEg/MDAxNjc2NDQ0MTAwNjEx.rCgdIyUdQI_WATko-CeVPRzahPsqxQNu_E22fN-UJ2gg.pscmZ7yZhSS7riQDRQr7_gXoKML3Y5Ur98-8kD6McGUg.JPEG/3.jpg?type=w1678,,https://game.naver.com/lounge/COUNTERSIDE/board/detail/1576066
1576061,COUNTERSIDE,카운터사이드,24,공식 웹툰,[웹툰] 순수한 불순물 - 카운터를 관찰하자,[웹툰] 순수한 불순물 - 카운터를 관찰하자,GM 이수연,15,2023-02-15T15:54:34+09:00,2023-02-15T15:54:34+09:00,776,0,9,0,False,json,,https://nng-phinf.pstatic.net/MjAyMzAyMTVfMTk5/MDAxNjc2NDQ0MDI1NTA4.lB49rmonpgs9W8SGaSeSEZtYgoazZHlBVaOD5WAP8kwg.XZ6WZooP3RIxsjW92hvt1dV-rm4WgX-zaHA8ZyXZhygg.JPEG/4%EC%BB%B7%EB%A7%8C%ED%99%942%ED%99%94.jpg?type=w1678,,https://game.naver.com/lounge/COUNTERSIDE/board/detail/1576061
1576058,COUNTERSIDE,카운터사이드,24,공식 웹툰,[웹툰] 순수한 불순물 - 냉정한 승부의 세계,[웹툰] 순수한 불순물 - 냉정한 승부의 세계,GM 이수연,15,2023-02-15T15:53:30+09:00,2023-02-15T15:53:30+09:00,928,0,9,0,False,json,,https://nng-phinf.pstatic.net/MjAyMzAyMTVfMTUx/MDAxNjc2NDQ0MDAxODE3.c1vS-faR5C08VfyaWxV1dGglupzmb6ZVkCFOVJF9W3Yg.HpRNnMJl3N87MjBJo0ZP_RJ2bPHAQtxSZYWUJxw-nZUg.JPEG/4%EC%BB%B7%EB%A7%8C%ED%99%941%ED%99%94.jpg?type=w1678,,https://game.naver.com/lounge/COUNTERSIDE/board/detail/1576058
1576055,COUNTERSIDE,카운터사이드,24,공식 웹툰,[웹툰] MMM - 실비아의 월간 활동 결산,[웹툰] MMM - 실비아의 월간 활동 결산,GM 이수연,15,2023-02-15T15:52:31+09:00,2023-02-15T15:52:31+09:00,1380,2,13,0,False,json,,"https://nng-phinf.pstatic.net/MjAyMzAyMTVfODkg/MDAxNjc2NDQzMjM2MDI2.6nP_AMgNFvbYUBEznrAgGMReA_3hNyzAHPhy0IF4Z9gg.f_ox7P5kB5LeiaDi7LJQVdg8uuBm_Bx9GmMnjXOAMWog.PNG/01.png?type=w1678
https://nng-phinf.pstatic.net/MjAyMzAyMTVfMjQy/MDAxNjc2NDQzMjM1OTM2.z0MtM-mcaQlwPgScJ82avrLZSjCFwdhJ3r5k-kOyZncg.xeTapRXfmx8SczL-HtXCSiUtACYZa89aTfOknv3hJPEg.PNG/02t.png?type=w1678
https://nng-phinf.pstatic.net/MjAyMzAyMTVfMTcg/MDAxNjc2NDQzMjM2MDMx.Z-RmOM_BR1QwbhVQAihhmbgivQ-UpAaybGc-tYarN-Mg.F1r90jS5KU-nR0RYo85GGlfiSdyAnLkWnMbnTMzTZhwg.PNG/03.png?type=w1678
https://nng-phinf.pstatic.net/MjAyMzAyMTVfMTg2/MDAxNjc2NDQzMjM2MDQy.DWm7AJWiW312f5vWgHrrLu2Q6ogZ4oVE-4yvblACjb8g.8GkbyMbcX4-w3agkMg6MDNZPenzYkgaxaRZFJFJ9dPAg.PNG/04.png?type=w1678
https://nng-phinf.pstatic.net/MjAyMzAyMTVfNzUg/MDAxNjc2NDQzMjM2MDI5.NjnKwMo9pQM7Z5C2af7SsO3o0CDyKcBz5uZWvLXKBu0g.V_5Zk57_0Lc7QcnmVfWw5WkVKnhnxh1Y9-WQxMq09hcg.PNG/05t.png?type=w1678
https://nng-phinf.pstatic.net/MjAyMzAyMTVfMjQz/MDAxNjc2NDQzMjM2MDc2.q38DAj2n7uKpwQ5v8teYgOZaieB78X2vTMQQWzLtFwMg._zFeDLtwULdThSFdbqL_lWWuuqfg1G5FzD5gclJp0lAg.PNG/06.png?type=w1678
https://nng-phinf.pstatic.net/MjAyMzAyMTVfODYg/MDAxNjc2NDQzMjM2MTYx.RLL7cmilZ517v5j3io2Gc_srq5GcYbrSIURthGgYpDsg.gIQCEbK5pf9mTTXs-GXg7d17zyVI9v2gE7tvS80Pul4g.PNG/07.png?type=w1678
https://nng-phinf.pstatic.net/MjAyMzAyMTVfNTIg/MDAxNjc2NDQzMjM2MzEy.Z77gJsaPSOQ7zUwfpJZfoEAYTUouQ_lXGfuTOPI6iesg.w511l_gNLC7sRBN_F5b0qBgWmrYnl44KPl6OCIcvNC8g.PNG/08.png?type=w1678
https://nng-phinf.pstatic.net/MjAyMzAyMTVfOTUg/MDAxNjc2NDQzMjM2Mjcz.KVNDx69LcZTmwhGCQMlNReufU1XKFeyK6kqd4DqumS0g.tCWFca6bnlbW4UdxZmoyhm1C0B3aiXQoZj1tBcSOjZ4g.PNG/09.png?type=w1678
https://nng-phinf.pstatic.net/MjAyMzAyMTVfMTM4/MDAxNjc2NDQzMjM2NDU0.--P0BsIscTiRnOI-rR2WV3Fd8j9iZlXTlyQd8Pr2SZUg._uEH0-z1k0gBxWlIIghdZYoyLdkg9em9qNe68z6PUnEg.PNG/10.png?type=w1678
https://nng-phinf.pstatic.net/MjAyMzAyMTVfMjky/MDAxNjc2NDQzMjM2NDkx.V9c4jxVedhOCnZB60Rh-k80x8oXKT0-Sa2kHiOvG0dYg.KVkU2XJRm43iJQ1pMIVAd-mcskdwrkHFPOI7VwatelMg.PNG/11.png?type=w1678
https://nng-phinf.pstatic.net/MjAyMzAyMTVfMjcw/MDAxNjc2NDQzMjM2NDU1.a9PVdd1HX4noCgJHg6vueyKcfgCcOmdWPK91rnW33H8g.yTx7DDns8OlXIOQg5nCNg8eOk6d8f5wHhbShwTM84t4g.PNG/12.png?type=w1678
https://nng-phinf.pstatic.net/MjAyMzAyMTVfMjY2/MDAxNjc2NDQzMjM2NTQ4.NX0BqVv_H_pBcqzvsPmRS7fc3SVU7fY4TMIOPerWywIg.7QQ6Qp3OnCEiWZ-QWvlPHFfOoZwZii7dqdFIEVwBqXog.PNG/13.png?type=w1678",,https://game.naver.com/lounge/COUNTERSIDE/board/detail/1576055
1576016,COUNTERSIDE,카운터사이드,24,공식 웹툰,[웹툰] MMM - 고독한 지식가,[웹툰] MMM - 고독한 지식가,GM 이수연,15,2023-02-15T15:40:08+09:00,2023-02-15T15:40:08+09:00,1339,1,10,0,False,json,,"https://nng-phinf.pstatic.net/MjAyMzAyMTVfMjEz/MDAxNjc2NDQzMDgzNTQy.sKfZuvLsOyewiKIq83V8SykVjpU2Kfd0FVCWe92y9GYg.55vwkSC0mJKs5l-ieFgAP7JB5_YCShhnDo3hsaZKrZ0g.PNG/01.png?type=w1678
https://nng-phinf.pstatic.net/MjAyMzAyMTVfMjU4/MDAxNjc2NDQzMDgzNjgx.6TMhTPICdcuuklMZZ1FY3lNBnYmgOefu7E7Ok7HMABQg.hywvgAmMkepIQfVGr-VFnGiC0Ms52rZQ2HXznIRalQYg.PNG/02.png?type=w1678
https://nng-phinf.pstatic.net/MjAyMzAyMTVfMTYy/MDAxNjc2NDQzMDgzNzEx.dZAai8Bg6q_hmmLWFhsZVTJZ6TkwiUPErruchCOAVVkg.ZEGkRKbK-pYPFkI535kV_Eo5YxlQrLvXmD6qzKJzcOEg.PNG/03.png?type=w1678
https://nng-phinf.pstatic.net/MjAyMzAyMTVfNTEg/MDAxNjc2NDQzMDgzNjYz.vWQ3Xcp2kH6rfbGd6wjgDH2yswVeXLnhmH4LP5Lmp7Ug.vPTTBUPXf1clZKXE_cQJcciuqErr4313EYa3HfO9Mj8g.PNG/04.png?type=w1678
https://nng-phinf.pstatic.net/MjAyMzAyMTVfNDEg/MDAxNjc2NDQzMDgzNjg3.IEj8nJKb4TUKiUIyD53rRYAIDATHqKxBW9gjhJNqgREg.IiFtMQ4H_1REfo23QjBAvHopXvKPV8bCm4CCFkl79hwg.PNG/05.png?type=w1678
https://nng-phinf.pstatic.net/MjAyMzAyMTVfMjQ4/MDAxNjc2NDQzMDgzNzU4.hwVLU3Yhh5Tak17eJDG3wgv17XZ0n3VrJePP07xznY8g.YVoFHVvUfTOvGIIavev7NECqY2gFLfnqnBxDDDhufRkg.PNG/06.png?type=w1678
https://nng-phinf.pstatic.net/MjAyMzAyMTVfNjIg/MDAxNjc2NDQzMDgzODUz.VISl8u3-dIEBIgFazqUZCpGVRhAhfFHqfANFcEJyeX8g.KEbJ-CHBKTc1SZirciaagOd5ppLBbO-M_G_6_wVQb7sg.PNG/07.png?type=w1678
https://nng-phinf.pstatic.net/MjAyMzAyMTVfMjMy/MDAxNjc2NDQzMDgzOTUx.yeIPCDPtjJPULaVBPwgXc3R_h-FjN4bA1U5-lZKah2Eg.oY09b69jTlLvkmoSVznaG7PLUo_s2nDPSxm7oxRWfBsg.PNG/08.png?type=w1678
https://nng-phinf.pstatic.net/MjAyMzAyMTVfMTcg/MDAxNjc2NDQzMDg0MTE4.COBh8GDFSpK4jwGfEWgDCfSJr_-5Nu4oGxIBgRCglMgg.7YmuZ_yvjnlXkubO5yq78DV-6UTQBDLNDjOODVjbTSog.PNG/09.png?type=w1678
https://nng-phinf.pstatic.net/MjAyMzAyMTVfMjMw/MDAxNjc2NDQzMDg0MDQx.sgShBm3qrc0ygHMSEUWOJwFByxeKrOGEgGPetK5EYWkg.RX4ylROYVPFw_T6dSao7e6c-qWHJPtdRkmrkrqXYqbUg.PNG/10.png?type=w1678",,https://game.naver.com/lounge/COUNTERSIDE/board/detail/1576016
1576001,COUNTERSIDE,카운터사이드,24,공식 웹툰,[웹툰] 순수한 불순물 - 파티에는 연주가 빠질 수 없지,[웹툰] 순수한 불순물 - 파티에는 연주가 빠질 수 없지,GM 이수연,15,2023-02-15T15:37:28+09:00,2023-02-15T15:37:28+09:00,1027,0,9,0,False,json,,https://nng-phinf.pstatic.net/MjAyMzAyMTVfODMg/MDAxNjc2NDQzMDMwNjIw.gFGn-AAmHNzQRk4x3wNLfyLf36-0VQZ081gPVMUxwTkg.6R8i1ckg3xgLzzme_hE2XG_mphXNbKXWhxDR6T7gGrAg.JPEG/%EC%B9%B4%EC%9A%B4%ED%84%B0%EC%82%AC%EC%9D%B4%EB%93%9C_%EC%9B%B9%ED%88%B0_4%ED%99%94.jpg?type=w1678,,https://game.naver.com/lounge/COUNTERSIDE/board/detail/1576001
1575997,COUNTERSIDE,카운터사이드,24,공식 웹툰,[웹툰] MMM - 칭찬 받고 싶어!,[웹툰] MMM - 칭찬 받고 싶어!,GM 이수연,15,2023-02-15T15:36:56+09:00,2023-02-15T15:36:56+09:00,1350,1,12,0,False,json,,"https://nng-phinf.pstatic.net/MjAyMzAyMTVfOCAg/MDAxNjc2NDQyMzY5NDUw.1CIz7xEMM_C_NzoaaPPq6NyA9BsBAzCnKAENfp6RyUAg.dC7EgNfuvb0xd6hw5eSFE2ImYUPZJxgXsB_BZJIGqZ8g.PNG/01.png?type=w1678
https://nng-phinf.pstatic.net/MjAyMzAyMTVfMjk5/MDAxNjc2NDQyMzY5NDY1.jbe0k5TxIA32DMSDJh0XweaWdTmUEaPZ3n2rS-H3xPEg.N0E4mGgbHP4qFE3StKJEh_8lxhfufs-HGble8wD9a5kg.PNG/02.png?type=w1678
https://nng-phinf.pstatic.net/MjAyMzAyMTVfMTAy/MDAxNjc2NDQyMzY5NDg4.oqo8vwUuxWo-SX7JP-7NhU_3Okas8n4Zhi4oGJ2pnAcg.cflNnoEW4qXZREfJNgUo2P5X-sioEh3UU-3oouM9cYgg.PNG/03.png?type=w1678
https://nng-phinf.pstatic.net/MjAyMzAyMTVfMjY3/MDAxNjc2NDQyMzY5NDU3.P0NCKxpdOg_doowOvvcHr2dwxG3HtGblzzPfF2-qJRcg.n0ytY9711JD7KXU7WBYtybTBs517P0wHfkwPvNvp4lYg.PNG/04.png?type=w1678
https://nng-phinf.pstatic.net/MjAyMzAyMTVfMjMx/MDAxNjc2NDQyMzY5NDk4.v0gtJeQideXzgLd-hHZZXwZmDpUSLucv5ZkyBFy7Mmgg.umMRMnmMqqGaIrURqE2ZwdE7kstq75ZHD4_cDQnptRAg.PNG/05.png?type=w1678
https://nng-phinf.pstatic.net/MjAyMzAyMTVfMTc5/MDAxNjc2NDQyMzY5NDAz.1ahT7ahO1YalJy8jY1ApKNNJYXvoMLKdDdSYhXS6-L4g.nABzEIgeZmdZetW61MaeeD1lWMGwEAZuR95TJqQYctQg.PNG/06.png?type=w1678
https://nng-phinf.pstatic.net/MjAyMzAyMTVfMTc1/MDAxNjc2NDQyMzY5NjA5.8KJXAgwaqQnFA_8V7ntNS9HYnKc8ecPSRl1dKodbS1Ug.uzJUzYzblghDTYLi9kQsLmoMYUfgpDk_XJdklzSRId4g.PNG/07.png?type=w1678
https://nng-phinf.pstatic.net/MjAyMzAyMTVfMTk1/MDAxNjc2NDQyMzY5Njc2.NqgbjeTrMfLAFNmX-B2FXg9m-3nDwff2yuxZeuFn6Ukg.SUOi-JZWfx9d7iBC_nydl7BZ0efbBPF5lQ3IaV4MCGwg.PNG/08.png?type=w1678
https://nng-phinf.pstatic.net/MjAyMzAyMTVfMTcy/MDAxNjc2NDQyMzY5Njcw.bE2bzh5UyNjksA7FmpH1XjweDMs6ukv9p9KSswTRRDgg.UDHq5aleaZYVv59rro5o-w--cbRyeLA4rFrm4sgeIz0g.PNG/09.png?type=w1678
https://nng-phinf.pstatic.net/MjAyMzAyMTVfOTQg/MDAxNjc2NDQyMzY5NzM5.7kn9MaSPz8o3H434lC8jgQksuNdcMaalquu8eYFdG9cg.gz9viO4d_FJfYFg5KMsM8SjDh-h1M_Jsry63JqZ--Ugg.PNG/10.png?type=w1678",,https://game.naver.com/lounge/COUNTERSIDE/board/detail/1575997
1575934,COUNTERSIDE,카운터사이드,24,공식 웹툰,[웹툰] 순수한 불순물 - 파티니까 즐겨야죠,[웹툰] 순수한 불순물 - 파티니까 즐겨야죠,GM 이수연,15,2023-02-15T15:25:52+09:00,2023-02-15T15:25:52+09:00,831,0,10,0,False,json,,https://nng-phinf.pstatic.net/MjAyMzAyMTVfMTY2/MDAxNjc2NDQyMzQ0NjQw.Pe8mFmuGP5jNd1ig-YekTnQRLwiyL7AJazpcx1THbFQg.OuceOzXW5_fWwx5f7EItC2eGKBdKlGAT69SDJb6buMAg.JPEG/%EC%B9%B4%EC%9A%B4%ED%84%B0%EC%82%AC%EC%9D%B4%EB%93%9C_%EC%9B%B9%ED%88%B0_3%ED%99%94.jpg?type=w1678,,https://game.naver.com/lounge/COUNTERSIDE/board/detail/1575934
1575923,COUNTERSIDE,카운터사이드,24,공식 웹툰,[웹툰] 순수한 불순물 - 파티장에서 생긴 일,[웹툰] 순수한 불순물 - 파티장에서 생긴 일,GM 이수연,15,2023-02-15T15:25:01+09:00,2023-02-15T15:25:01+09:00,832,1,12,0,False,json,,https://nng-phinf.pstatic.net/MjAyMzAyMTVfMTI3/MDAxNjc2NDQyMjg4MTIy.RPgDWmypzfaplziHVBYGNfrAu6niFOALSKioR9r2kb8g.qvWtdZKDBImD1OLrzRwtOLV1-mBYFnZLsUC-fOE41Twg.JPEG/20210209%EC%B9%B4%EC%9A%B4%ED%84%B0%EC%82%AC%EC%9D%B4%EB%93%9C_%EC%9B%B9%ED%88%B0_2%ED%99%94.jpg?type=w1678,,https://game.naver.com/lounge/COUNTERSIDE/board/detail/1575923
1575916,COUNTERSIDE,카운터사이드,24,공식 웹툰,[웹툰] MMM - 표현 하는 법!,[웹툰] MMM - 표현 하는 법!,GM 이수연,15,2023-02-15T15:23:59+09:00,2023-02-15T15:23:59+09:00,1447,0,18,0,False,json,,"https://nng-phinf.pstatic.net/MjAyMzAyMTVfMTAz/MDAxNjc2NDQyMTYyNTUz.jQqUEChrDrt9e0u3edAfRp_AIJFo740IxLjcRd5KJksg.8S7kc6g_uu1DomY7ueC8VbosP_enXuEX_tv3zwTTyZUg.PNG/01.png?type=w1678
https://nng-phinf.pstatic.net/MjAyMzAyMTVfOTMg/MDAxNjc2NDQyMTYyNTk2.AyQ32gSaHSeA_HAEi3_2MUtmTe3wk0pKWT1UzuD0skMg.hPbyA363wOMBA6U40FR_na5RV5z5WSuH2F9EVWHN6dUg.PNG/02.png?type=w1678
https://nng-phinf.pstatic.net/MjAyMzAyMTVfMjA5/MDAxNjc2NDQyMTYyNTgz.YxAhCzsxvnBGeWeAPE82rV7EUIjMZpvRiRIyNGnn1vwg.2XiYV0cIYK9i3yaDrjNjxisSFSa9OEpcceiWOiXTBhcg.PNG/03.png?type=w1678
https://nng-phinf.pstatic.net/MjAyMzAyMTVfMjkx/MDAxNjc2NDQyMTYyNTk3.of6nC2-1_evwqkvBqGjI8fKAM5xSzEEkVMMuef1eZM8g.qkbx13IjoF7Fkv1fyYSz1UQYs1Jq2aNv7jf23HnJtMQg.PNG/04.png?type=w1678
https://nng-phinf.pstatic.net/MjAyMzAyMTVfMjE5/MDAxNjc2NDQyMTYyNTkw.u5_u8HF_5BDc1ouDmNaVEMh96pbqLKr8G9_tToUQD3Qg.mV0GK2PPDWQWQFh8eu2LwAKVRGndUnI5ilcOjyhPY1Qg.PNG/05.png?type=w1678
https://nng-phinf.pstatic.net/MjAyMzAyMTVfMjYx/MDAxNjc2NDQyMTYyNTgx.0GCKiZEBcLp8HgE24PThWUw7QdJRLlESSvxdzvRdVxAg.jJY-ITQ1P8l6yJKey7Q2KdaAysn9mKEfsBY1-HDxRRsg.PNG/06.png?type=w1678
https://nng-phinf.pstatic.net/MjAyMzAyMTVfMTUz/MDAxNjc2NDQyMTYyNjgx.4eKjpNNeuCrOYVaMLztphV7JufDtHFkA3abHQFwKyaMg.vfr_14n8mWnaV3lIH95ibbajCsLCWr2fLuMpgA-oNpwg.PNG/07.png?type=w1678
https://nng-phinf.pstatic.net/MjAyMzAyMTVfMjI3/MDAxNjc2NDQyMTYyNzEx.trdUPx9-S1yRasCO2oTIDJsNAUdp6yoxligouli2jpUg.jsHih2oIDOcatZuZy9n0dDwwX9J4ZeCSoeNcnlhTmbEg.PNG/08.png?type=w1678
https://nng-phinf.pstatic.net/MjAyMzAyMTVfNDkg/MDAxNjc2NDQyMTYyNzMy.GYJK1R5YH2CcrWTcnZEl8zKHhMLNTQGJQ2zY3wYVL4kg.SAZvBNXAN5ww5agJi_crWHCDhNW7H4N76jZxD1WsRhsg.PNG/09.png?type=w1678",,https://game.naver.com/lounge/COUNTERSIDE/board/detail/1575916
1575892,COUNTERSIDE,카운터사이드,24,공식 웹툰,[웹툰] 순수한 불순물 - 1주년 파티에 어서오세요,[웹툰] 순수한 불순물 - 1주년 파티에 어서오세요,GM 이수연,15,2023-02-15T15:20:20+09:00,2023-02-15T15:20:20+09:00,881,0,14,0,False,json,,"https://nng-phinf.pstatic.net/MjAyMzAyMTVfMjEx/MDAxNjc2NDQyMDAwNTgx.2MQzojvvvjcmZfb-35eGSdnM_rN3-My7GJjZuQnJHqUg.2FmeGcjLqJT88qnpy3qxyeuHn6lpfQgkrvj28dWBvYQg.JPEG/20210128%EC%B9%B4%EC%9A%B4%ED%84%B0%EC%82%AC%EC%9D%B4%EB%93%9C_%EC%9B%B9%ED%88%B0_1%ED%99%94%ED%94%8C%EB%9E%9C%EB%B9%84740.jpg?type=w1678
https://nng-phinf.pstatic.net/MjAyMzAyMTVfMjEx/MDAxNjc2NDQyMDAyOTI5.-YM3vtVj8N8J1-raCo7ciTCvenN37An3RoRN6E37CsAg.jUjZNXsVTmvUIr0wo1WcI72MSRyFjkEaYJv6l8ISl8og.JPEG/202101281%EC%A3%BC%EB%85%84_%EC%B6%95%ED%95%98%EC%BB%B7%ED%94%8C%EB%9E%9C%EB%B9%84740.jpg?type=w1678",,https://game.naver.com/lounge/COUNTERSIDE/board/detail/1575892
1575884,COUNTERSIDE,카운터사이드,24,공식 웹툰,[웹툰] MMM - 연말을 보내는 법,[웹툰] MMM - 연말을 보내는 법,GM 이수연,15,2023-02-15T15:18:22+09:00,2023-02-15T15:18:22+09:00,1429,1,15,0,False,json,,"https://nng-phinf.pstatic.net/MjAyMzAyMTVfMTI0/MDAxNjc2NDQxNzk1MjA2.Wh4upEvLq6_pVa4-SOa5j7UeWA0hHr1rk4sJIAVTIxAg.ferhSSKX8t0ysQBd2noAJCM7dem7TBnWDXlokh1q9XQg.PNG/01.png?type=w1678
https://nng-phinf.pstatic.net/MjAyMzAyMTVfMjAg/MDAxNjc2NDQxNzk1MTU1.QvwcLYRJyyCb3yS6BlC3vGUygWbdjiUew7eOzuVpU0og.rJ0aivkiig2nnjeKx3vL-0-qDKAjiz70uXLsVOXLqZYg.PNG/02.png?type=w1678
https://nng-phinf.pstatic.net/MjAyMzAyMTVfMjk1/MDAxNjc2NDQxNzk1MTky.NBAxfY1YdyHBrqJ9_K29xg49JFryLMjhwkeOMbmHsiEg.pFqq4e_HHdAcMV4lcpVrOBmO7yILJUe140Tr8xaXQSMg.PNG/03.png?type=w1678
https://nng-phinf.pstatic.net/MjAyMzAyMTVfMjAz/MDAxNjc2NDQxNzk1MjIz.HSMJvgAuu5wtW2SuZLjVxmtWZSILocF6Tt2SgWrwqqQg.XveE07k1mYh0McJn7qnYJjJ_Xp3kxW_C-SQiCFS6WvAg.PNG/04.png?type=w1678
https://nng-phinf.pstatic.net/MjAyMzAyMTVfMzkg/MDAxNjc2NDQxNzk1MTk5.Mbsj-v_pMEFuX27apMG-IebsOJNZU1f9rKZF3AKBj3og.f76gQuYeo687ZQMpbTaPNTTwT5UU3FsZj60Qdk-HVzsg.PNG/05.png?type=w1678
https://nng-phinf.pstatic.net/MjAyMzAyMTVfMTc4/MDAxNjc2NDQxNzk1MjQ5.gHtrhZcnTEgllP7xEFzNuOMeMlC0BSvm0vq3tWuUOUwg.Jgb3DTLEVeAaQoWG4A_lr0yA22pNEANjD_bltzFexfEg.PNG/06.png?type=w1678
https://nng-phinf.pstatic.net/MjAyMzAyMTVfMTMy/MDAxNjc2NDQxNzk1MzA3.Lte4D-xAOW76EnqCC8-89fIaxTiGoypokW5zSp5kRrIg.-o79-9g9r6xUsrRE56liv8MKTqLG6EbF2GMu7MREv2Ag.PNG/07.png?type=w1678
https://nng-phinf.pstatic.net/MjAyMzAyMTVfMjQx/MDAxNjc2NDQxNzk1Mzcz.7pO1cLyTWN3v68Sg2W0OH07ra8s1QRcOD5GUeNQuogcg.NfwkJ9xJg2RS1EX0PWI_OReZuB-YJzv-s2-8YxlB3ccg.PNG/08.png?type=w1678
https://nng-phinf.pstatic.net/MjAyMzAyMTVfMjQx/MDAxNjc2NDQxNzk1MzQy.Fay6vlcOZgx0S4yk7o0QbXxZkM-cpLvHYHZAniqJp5Ig.L0TFgHqpx2KnBQojBACbHyomrv4fdtX-55Oy7KUatZEg.PNG/09.png?type=w1678",,https://game.naver.com/lounge/COUNTERSIDE/board/detail/1575884
1575874,COUNTERSIDE,카운터사이드,24,공식 웹툰,[웹툰] 순수한 불순물 - 카운터유치원(下),[웹툰] 순수한 불순물 - 카운터유치원(下),GM 이수연,15,2023-02-15T15:16:09+09:00,2023-02-15T15:16:09+09:00,923,3,12,0,False,json,,https://nng-phinf.pstatic.net/MjAyMzAyMTVfMjk4/MDAxNjc2NDQxNzQ2NjQy.hAx31RWVKXLKvNdwDtA8qOHwDyiiHPlzmnS7ZReyWCMg.POjtr0dYxMDHfeIqYOqyTpMhXKCOFKnkvOWrzNfjljQg.JPEG/%EC%88%9C%EC%88%98%ED%95%9C_%EB%B6%88%EC%88%9C%EB%AC%BC_%EC%9B%B9%ED%88%B0_9%ED%99%940603.jpg?type=w1678,,https://game.naver.com/lounge/COUNTERSIDE/board/detail/1575874
1575871,COUNTERSIDE,카운터사이드,24,공식 웹툰,[웹툰] MMM - 실비아의 휴일,[웹툰] MMM - 실비아의 휴일,GM 이수연,15,2023-02-15T15:15:28+09:00,2023-02-15T15:15:28+09:00,1160,1,14,0,False,json,,https://nng-phinf.pstatic.net/MjAyMzAyMTVfOTUg/MDAxNjc2NDQxNTMxNTk4.6p_7mMQFBmNDFskZh1wRsWH1ZzcZ_7CiMxDSGPOsprwg.Eqb70Cprbe97MThSUbPqv3VMUmNmadTOzvtLURJU_ZYg.PNG/200527MMM_%EC%9B%B9%ED%88%B0_4%ED%99%94v2.png?type=w1678,,https://game.naver.com/lounge/COUNTERSIDE/board/detail/1575871
1575854,COUNTERSIDE,카운터사이드,24,공식 웹툰,[웹툰] 순수한 불순물 - 카운터 유치원(上),[웹툰] 순수한 불순물 - 카운터 유치원(上),GM 이수연,15,2023-02-15T15:11:49+09:00,2023-02-15T15:11:49+09:00,1000,0,11,0,False,json,,https://nng-phinf.pstatic.net/MjAyMzAyMTVfMTIy/MDAxNjc2NDQxNDQ1ODc1.hdSoXLu1SMck1qN30NUMhxo8bV0_BHI9GPAU6YjCNUMg.fc_xdkpRsieHQwKwxUX9ZYAtvwR7OSqPoo6ZBxcFp4sg.JPEG/200519%EC%88%9C%EC%88%98%ED%95%9C_%EB%B6%88%EC%88%9C%EB%AC%BC_%EC%9B%B9%ED%88%B0_8%ED%99%94.jpg?type=w1678,,https://game.naver.com/lounge/COUNTERSIDE/board/detail/1575854
1575843,COUNTERSIDE,카운터사이드,24,공식 웹툰,[웹툰] MMM - 100일 기념 창고 정리,[웹툰] MMM - 100일 기념 창고 정리,GM 이수연,15,2023-02-15T15:10:30+09:00,2023-02-15T15:10:30+09:00,1234,1,15,0,False,json,,https://nng-phinf.pstatic.net/MjAyMzAyMTVfMzAg/MDAxNjc2NDQxNDA1NDkz.FNm5c_Izs36jDtgYBvxp1JceFD489JRhY1ELQ0UtjVwg.O71BfbWwJHuFRvNiboFd894xXhCbTUQpaA9w_ygzCPgg.PNG/200518MMM_%EC%9B%B9%ED%88%B0_3%ED%99%94.png?type=w1678,,https://game.naver.com/lounge/COUNTERSIDE/board/detail/1575843
1575840,COUNTERSIDE,카운터사이드,24,공식 웹툰,[웹툰] 순수한 불순물 - 나나하라 과자점,[웹툰] 순수한 불순물 - 나나하라 과자점,GM 이수연,15,2023-02-15T15:09:53+09:00,2023-02-15T15:09:53+09:00,776,1,11,0,False,json,,https://nng-phinf.pstatic.net/MjAyMzAyMTVfMjM5/MDAxNjc2NDQxMzc2OTM4.JLctrM8-EXi0NS-1hXlozIbiOnghQSO3ivZL9x9ntpcg.nBE2Qr5oGzBzkf-CTkCY7mEyR1jDq7pbV_EMCukznNwg.JPEG/200508%EC%88%9C%EC%88%98%ED%95%9C_%EB%B6%88%EC%88%9C%EB%AC%BC_%EC%9B%B9%ED%88%B0_7%ED%99%94.jpg?type=w1678,,https://game.naver.com/lounge/COUNTERSIDE/board/detail/1575840
1575832,COUNTERSIDE,카운터사이드,24,공식 웹툰,[웹툰] MMM - 경찰청 사람들,[웹툰] MMM - 경찰청 사람들,GM 이수연,15,2023-02-15T15:09:22+09:00,2023-02-15T15:09:22+09:00,1560,0,17,0,False,json,,https://nng-phinf.pstatic.net/MjAyMzAyMTVfNDUg/MDAxNjc2NDQxMzQxMDM1.VLw4F5WUm96SfZSi7OhsIk9z4d9f2vqiRv53z4iXqUgg.5Gsf12CXApak2ZmJLh-Qu8d6KyBkShNKd7UDyh6fmJ4g.PNG/200506MMM_%EC%9B%B9%ED%88%B0_2%ED%99%94.png?type=w1678,,https://game.naver.com/lounge/COUNTERSIDE/board/detail/1575832
1575823,COUNTERSIDE,카운터사이드,24,공식 웹툰,[웹툰] 순수한 불순물 - 하트베리 ON!,[웹툰] 순수한 불순물 - 하트베리 ON!,GM 이수연,15,2023-02-15T15:07:08+09:00,2023-02-15T15:07:08+09:00,855,0,14,0,False,json,,https://nng-phinf.pstatic.net/MjAyMzAyMTVfMTk3/MDAxNjc2NDQxMjE0ODcx.AXYNkck-mKoAegLIp4PwMezmSiMvpm9U17PjNMPiX2sg.inCLeIH6_t5uF_P4a6j3eTMLEBGtIs_-m2j2u9s1oeYg.JPEG/200429%EC%88%9C%EC%88%98%ED%95%9C_%EB%B6%88%EC%88%9C%EB%AC%BC_%EC%9B%B9%ED%88%B0_6%ED%99%94.jpg?type=w1678,,https://game.naver.com/lounge/COUNTERSIDE/board/detail/1575823
1575819,COUNTERSIDE,카운터사이드,24,공식 웹툰,[웹툰] MMM - 시험왕 힐데,[웹툰] MMM - 시험왕 힐데,GM 이수연,15,2023-02-15T15:06:32+09:00,2023-02-15T15:06:32+09:00,1641,1,19,0,False,json,,https://nng-phinf.pstatic.net/MjAyMzAyMTVfNDEg/MDAxNjc2NDQxMTY5MDgw.GeUiq4wTUwJZpdjhnDw7fHdcO1X2bxhRuwkZbBfv5csg.n5ShbIlXiRDMKK9sM_Zsce2_Yg3bOnCWeSWP9EaQxOsg.JPEG/200422_MMM_%EC%9B%B9%ED%88%B0_1%ED%99%94.jpg?type=w1678,,https://game.naver.com/lounge/COUNTERSIDE/board/detail/1575819
1575816,COUNTERSIDE,카운터사이드,24,공식 웹툰,[웹툰] 순수한 불순물 - 여기가 어디요,[웹툰] 순수한 불순물 - 여기가 어디요,GM 이수연,15,2023-02-15T15:06:01+09:00,2023-02-15T15:06:01+09:00,823,0,14,0,False,json,,https://nng-phinf.pstatic.net/MjAyMzAyMTVfMjgz/MDAxNjc2NDQxMTM3MjAw.r8_wG-ETVeRmIxmwXxBmD81sk_DL912FrwNGFJDLzzYg.waQ-yjDVMXp5NDpaAQA310Tkv1DzDn8YOGqed1NgxJ4g.JPEG/200420_%EC%B9%B4%EC%9A%B4%ED%84%B0%EC%82%AC%EC%9D%B4%EB%93%9C_%EC%9B%B9%ED%88%B0_%EC%88%9C%EC%88%98%ED%95%9C_%EB%B6%88%EC%88%9C%EB%AC%BC_5%ED%99%94.jpg?type=w1678,,https://game.naver.com/lounge/COUNTERSIDE/board/detail/1575816
1575810,COUNTERSIDE,카운터사이드,24,공식 웹툰,[웹툰] 천솜향 - 크레딧 펌핑,[웹툰] 천솜향 - 크레딧 펌핑,GM 이수연,15,2023-02-15T15:05:19+09:00,2023-02-15T15:05:19+09:00,765,0,12,0,False,json,,https://nng-phinf.pstatic.net/MjAyMzAyMTVfMTMg/MDAxNjc2NDQxMTEzNDI0.ET0D5aBP9Vc09IJ0laRkveajXSlOfUa1CWkYb7ix5ikg.hQxUH_VaaTNv4wdkNpi6kfjWjXuQjnI88-36PTALtoYg.PNG/200408_%EC%B2%9C%EC%86%9C%ED%96%A5_%EC%9B%B9%ED%88%B0_4%ED%99%94.png?type=w1678,,https://game.naver.com/lounge/COUNTERSIDE/board/detail/1575810
1575805,COUNTERSIDE,카운터사이드,24,공식 웹툰,[웹툰] 순수한 불순물 - 사장님은 힘들어,[웹툰] 순수한 불순물 - 사장님은 힘들어,GM 이수연,15,2023-02-15T15:03:56+09:00,2023-02-15T15:03:56+09:00,821,0,11,0,False,json,,https://nng-phinf.pstatic.net/MjAyMzAyMTVfNSAg/MDAxNjc2NDQxMDA4MTQ1.ImUyEpguVBIbEztNW4LM0VqUmil6aKKV_tNeS5IgXAcg.TLPszja7H7iYrGYrckAjwQMHhEvi9SM2fKkA2sHloXQg.JPEG/200408_%EC%88%9C%EC%88%98%ED%95%9C_%EB%B6%88%EC%88%9C%EB%AC%BC_%EC%9B%B9%ED%88%B0_4%ED%99%94.jpg?type=w1678,,https://game.naver.com/lounge/COUNTERSIDE/board/detail/1575805
1575787,COUNTERSIDE,카운터사이드,24,공식 웹툰,[웹툰] 뱀 - 마지막 벚꽃이 피는 교정,[웹툰] 뱀 - 마지막 벚꽃이 피는 교정,GM 이수연,15,2023-02-15T15:01:08+09:00,2023-02-15T15:01:08+09:00,803,0,8,1,False,json,,"https://nng-phinf.pstatic.net/MjAyMzAyMTVfNTcg/MDAxNjc2NDQwODEzNzg1.4KRbyOicuFY_9i6obcZWzVBpwk7GYWP3NUqVjmX_Xfgg.HsnDOJX0KRcFdbxDniM-kdrsNTSo_tqDijTvubpxkq4g.JPEG/%EC%B9%B4%EC%82%AC_%EB%B1%80_%EA%B5%90%EC%A0%95_1.jpg?type=w1678
https://nng-phinf.pstatic.net/MjAyMzAyMTVfOTQg/MDAxNjc2NDQwODEzODA0.3tu2VEdfGoUNhvCBQPcbdfnspsf2ZZBbOhaa4XLiGTcg.2VK2POA8CngDrEsEVmpjm5fNp77Tf6ycmrTzaAUUDMUg.JPEG/%EC%B9%B4%EC%82%AC_%EB%B1%80_%EA%B5%90%EC%A0%95_2.jpg?type=w1678
https://nng-phinf.pstatic.net/MjAyMzAyMTVfMTEw/MDAxNjc2NDQwODEzNzg5.BSWjKFUeRA-kCnWhBJ962bAw8dmz1cjQurRVFx0z3twg.iQpWvSpJtxLRvyc1c8QHLbtAiJRXGqQg-WbZElPdadwg.JPEG/%EC%B9%B4%EC%82%AC_%EB%B1%80_%EA%B5%90%EC%A0%95_3.jpg?type=w1678
https://nng-phinf.pstatic.net/MjAyMzAyMTVfMTk1/MDAxNjc2NDQwODEzODgx.068OEnmHWFb-JTMxLibIIqAOmZSgjkcALeBu5XBpX38g.FuYBtxe36_kHCznefsIn8lR6AhjuzeSqDrlb9ly4o14g.JPEG/%EC%B9%B4%EC%82%AC_%EB%B1%80_%EA%B5%90%EC%A0%954.jpg?type=w1678",,https://game.naver.com/lounge/COUNTERSIDE/board/detail/1575787
1575776,COUNTERSIDE,카운터사이드,24,공식 웹툰,[웹툰] 천솜향 - 편의점 알바 하드모드,[웹툰] 천솜향 - 편의점 알바 하드모드,GM 이수연,15,2023-02-15T15:00:00+09:00,2023-02-15T15:00:00+09:00,763,0,11,0,False,json,,https://nng-phinf.pstatic.net/MjAyMzAyMTVfMTYz/MDAxNjc2NDQwNzg0MzQx.lGgCVbgC_ZrSc_XKJY3xjMypLvXQr_86HRIAISYTfwgg.1fCQ4Rwa89XpQPh_CqTCLvisi0_p04PJs9bXxthAGs4g.PNG/200401_%EC%B2%9C%EC%86%9C%ED%96%A5_%EC%9B%B9%ED%88%B0_3%ED%99%94.png?type=w1678,,https://game.naver.com/lounge/COUNTERSIDE/board/detail/1575776
1575769,COUNTERSIDE,카운터사이드,24,공식 웹툰,[웹툰] 순수한 불순물 - 카운터 미니스토리,[웹툰] 순수한 불순물 - 카운터 미니스토리,GM 이수연,15,2023-02-15T14:58:09+09:00,2023-02-15T14:58:09+09:00,904,2,13,0,False,json,,https://nng-phinf.pstatic.net/MjAyMzAyMTVfMjk2/MDAxNjc2NDQwNjY1NDg1.EMVBVU0gpgNaJsZ-05tQ7RlmLE17OLVPkkrv5oRKYy0g.ybU2bo5_9X84Fq5iVI7Hw3Gg4n7Yi24_I5bLvOvr_2Ug.JPEG/200401_%EC%88%9C%EC%88%98%ED%95%9C_%EB%B6%88%EC%88%9C%EB%AC%BC_%EC%9B%B9%ED%88%B0_3%ED%99%94.jpg?type=w1678,,https://game.naver.com/lounge/COUNTERSIDE/board/detail/1575769
1575765,COUNTERSIDE,카운터사이드,24,공식 웹툰,[웹툰] 순수한 불순물 - 병문안,[웹툰] 순수한 불순물 - 병문안,GM 이수연,15,2023-02-15T14:57:06+09:00,2023-02-15T14:57:06+09:00,816,1,13,0,False,json,,https://nng-phinf.pstatic.net/MjAyMzAyMTVfOTUg/MDAxNjc2NDQwNjA5Mzg5.8OviqheEj31AnvZq6WqvgyndYHFs4unxpo90kAynhEMg.WLygcs-Ktijymb8IPNFtzGRbtTrhNwbfK8SDd2sxp_Qg.JPEG/20200326_%EC%88%9C%EC%88%98%ED%95%9C_%EB%B6%88%EC%88%9C%EB%AC%BC_%EC%9B%B9%ED%88%B0_2%ED%99%94(%EB%B3%91%EB%AC%B8%EC%95%88).jpg?type=w1678,,https://game.naver.com/lounge/COUNTERSIDE/board/detail/1575765
1575762,COUNTERSIDE,카운터사이드,24,공식 웹툰,[웹툰] 천솜향 - 피트니스 화이트 래빗,[웹툰] 천솜향 - 피트니스 화이트 래빗,GM 이수연,15,2023-02-15T14:56:33+09:00,2023-02-15T14:56:33+09:00,806,0,11,0,False,json,,https://nng-phinf.pstatic.net/MjAyMzAyMTVfMjAw/MDAxNjc2NDQwNTU3NTc5.agayK8ITJMZSRNt7LXnHHLc8yx1ZOAbKIS0tCPKii0Yg.-nOdd0m8L3efCBW34W91lJPsQ_zchVfeDWnoG51BIKwg.PNG/20200325_%EC%B2%9C%EC%86%9C%ED%96%A5_%EC%9B%B9%ED%88%B0_2%ED%99%94.png?type=w1678,,https://game.naver.com/lounge/COUNTERSIDE/board/detail/1575762
1575750,COUNTERSIDE,카운터사이드,24,공식 웹툰,[웹툰] 천솜향  - 막타중독,[웹툰] 천솜향  - 막타중독,GM 이수연,15,2023-02-15T14:54:46+09:00,2023-02-15T14:54:46+09:00,973,2,14,0,False,json,,https://nng-phinf.pstatic.net/MjAyMzAyMTVfOTAg/MDAxNjc2NDQwNDcxMDYx.aPYhsA7-f2DdpWEhBeTD_ObTOhsUNiG-1T6RGAMlU_gg.vEHItqKVxHq1knFEcYFaAyDjLlz_efvfd1AJBYU7Rcwg.PNG/20200320_%EC%B2%9C%EC%86%9C%ED%96%A5_%EC%9B%B9%ED%88%B0_1%ED%99%94.png?type=w1678,,https://game.naver.com/lounge/COUNTERSIDE/board/detail/1575750
1575738,COUNTERSIDE,카운터사이드,24,공식 웹툰,[웹툰] 순수한 불순물 - 엑스트라,[웹툰] 순수한 불순물 - 엑스트라,GM 이수연,15,2023-02-15T14:52:11+09:00,2023-02-15T14:52:11+09:00,1111,1,16,0,False,json,,https://nng-phinf.pstatic.net/MjAyMzAyMTVfODEg/MDAxNjc2NDQwMzA3ODM3.CkFrnByJ5SCrZ-Tlth1escjKBHYRRygcOE_YfjsI9FUg.tWcz8oxLWGN0huvPWY7U3o4OnD-199u1uq3UE3gkR_Yg.JPEG/200320_%EC%88%9C%EC%88%98%ED%95%9C_%EB%B6%88%EC%88%9C%EB%AC%BC_%EC%9B%B9%ED%88%B0_1%ED%99%94.jpg?type=w1678,,https://game.naver.com/lounge/COUNTERSIDE/board/detail/1575738
1575733,COUNTERSIDE,카운터사이드,24,공식 웹툰,[웹툰] 카운터사이드: 오리엔테이션 데이,[웹툰] 카운터사이드_ 오리엔테이션 데이,GM 이수연,15,2023-02-15T14:51:21+09:00,2023-02-15T14:58:21+09:00,1646,1,10,0,False,json,,"https://nng-phinf.pstatic.net/MjAyMzAyMTVfMTc3/MDAxNjc2NDM4MzQ5NjQ2.VEGlyuSc-QNLhMnzs0YsLCmGc9J6AhThf08Bvj7Lui8g.h1_3P5xW2xzlthmptFtejPS4P6UJ4PG_ShkdAmZrb5Ug.JPEG/001.jpg?type=w1678
https://nng-phinf.pstatic.net/MjAyMzAyMTVfMTg2/MDAxNjc2NDM4MzUyOTky.Tu0ss2hTTRCC7DMCOcQ2vRNeoqPJLm7V10zWBLzeFLUg.I13mxZTnwHJUJTcmXJHjLkmf2673kJyZSTf04XeJWNkg.JPEG/002.jpg?type=w1678
https://nng-phinf.pstatic.net/MjAyMzAyMTVfMTc2/MDAxNjc2NDM4MzU4ODUw.m68yx27bPW9Y8McEu0yd1n0BZXvILmMaljQ-gDj7cnMg.lgtVrEnjKMe8qqhImn4ziTwOgblc1Ge3YSe7AfzmeKEg.JPEG/003.jpg?type=w1678
https://nng-phinf.pstatic.net/MjAyMzAyMTVfMjI0/MDAxNjc2NDM4MzYyMTU0.y-e1rMH_nkTwOHU9bmDNTYUR-ZWRsRmg51DJIzz3vT0g.eqTdVU7o5FDphoHxD0xba1h_vGZUhKxrfwPWf2zLDIIg.JPEG/004.jpg?type=w1678
https://nng-phinf.pstatic.net/MjAyMzAyMTVfMTI1/MDAxNjc2NDM4MzY2MTQ1.6yf2991TManyyEdLZfIt1KI5EVtJ9sLJj44CFoTzYrMg.Jgblx9EAGVqqGhdHlVhG205EVsEOnRfdO1vWlBSzA1Yg.JPEG/005.jpg?type=w1678
https://nng-phinf.pstatic.net/MjAyMzAyMTVfMTEw/MDAxNjc2NDM4NjQ4NjM5.ZcuIE-523TX8dIvydn633b0ivrTw9A87uEbc4t8-VFYg.2lzHqudyl4Yqqu2BJkZ5xAYkfDYtyjQbOzWFj4jem-cg.JPEG/006.jpg?type=w1678
https://nng-phinf.pstatic.net/MjAyMzAyMTVfNjYg/MDAxNjc2NDM4NjUxNTAw.WQHb1AXX6FPXZJO_z8OQe2iP1szeLvPbYX6iGJBfzV0g.Q8LU2UyZj5oz05-XqjCeB3w5eyk0wv9RnSEzP3OKsLMg.JPEG/007.jpg?type=w1678
https://nng-phinf.pstatic.net/MjAyMzAyMTVfMjM5/MDAxNjc2NDM4NjUzOTAw._eJIouEwwzxb7UsUcm0XTzXfk8JC-g1KJUw9oMc4Gekg.lL62s4d3NVZAk38yz8j08wg_oKvafup7unEAwAJkVZIg.JPEG/008.jpg?type=w1678",,https://game.naver.com/lounge/COUNTERSIDE/board/detail/1575733
